"","V1","V2","V3","V4","V5","V6"
"1",0.958203084288085,0.0157788979197973,-0.379289450394437,114.109791177755,0.744145949242993,0
"2",0.926265901412037,0.0188665878427238,-0.259407097601299,104.499515519987,0.203114594808931,0
"3",0.94535983571277,0.0202696538945491,-0.379096345706085,102.876086801598,0.540590716003711,0
"4",0.940804593453024,0.0169613537267686,-0.320315843782964,110.35757223372,0.494752276732873,0
"5",0.966381150931942,0.0160734980512608,-0.490170183440834,115.333797501198,0.826847916531355,0
"6",0.933085789654912,0.01792026329699,-0.279427301797911,107.234259960902,0.338795692145915,0
"7",0.928411155797593,0.0162516356709287,-0.27748486118621,111.056844599792,0.238573213637606,0
"8",0.926090357795798,0.0223014735971516,-0.304721339189903,98.3128169134618,0.224617756378219,0
"9",0.899024570776694,0.0127951191949593,-0.209008948053394,120.673146748738,0.515591502573163,0
"10",0.952939516515914,0.0188422256158424,-0.428411810607894,106.634947848199,0.650823594594797,0
"11",0.915431933171821,0.0157908596220708,-0.228761376723074,112.165379508821,0.140753825203898,0
"12",0.901462230922836,0.018040370420427,-0.206034046862131,106.573424121899,0.37588326739712,0
"13",0.954105460750629,0.015143900154363,-0.354130766511745,114.765582233509,0.70505954054842,0
"14",0.9157756393381,0.0231620468231269,-0.31132588983973,96.5851687168001,0.145812481259289,0
"15",0.942767068468562,0.0185343547265957,-0.350848658639848,107.23460024028,0.516391419775809,0
"16",0.913589427430228,0.0212450280011766,-0.282601121847771,99.8529247827284,0.163629036422501,0
"17",0.957824581620768,0.0169023031913556,-0.513618127673828,113.479586978387,0.722281562965418,0
"18",0.941429756154114,0.0197269433510145,-0.353159724734448,103.796055797168,0.488093781937795,0
"19",0.952749626595618,0.0156927030498468,-0.373359861838975,113.373165916001,0.681184885670059,0
"20",0.955575420982882,0.0158044235112962,-0.359067458534517,113.38522542732,0.713855453652472,0
"21",0.959944577470745,0.0192005034415344,-0.507858748900508,108.147082057123,0.731193501673883,0
"22",0.918577261160671,0.0182181877800946,-0.339685031713326,107.035177485488,0.075506549108913,0
"23",0.961591007495069,0.0163534568273346,-0.443619176493307,113.253191070769,0.779137838783573,0
"24",0.955419638127199,0.0201410651913444,-0.451842426218681,104.990992878718,0.666908795829453,0
"25",0.927959711785393,0.020657980807147,-0.36938755276697,102.019942155428,0.246558735465357,0
"26",0.92557278260529,0.0208247791393244,-0.281226166327818,100.681382196793,0.205424107573297,0
"27",0.898641711986412,0.0152399517685641,-0.180470021060407,112.99796249004,0.469334435795644,0
"28",0.894010920519051,0.0215837816790896,-0.204563516655269,98.8431519246616,0.491212203755093,0
"29",0.920489728534343,0.0163229062053527,-0.243945974659673,110.882603267551,0.0821544765293152,0
"30",0.943783394355257,0.018905769025815,-0.459324956689314,107.371806432734,0.525918542234177,0
"31",0.962994729618467,0.0189099073949702,-0.515504466045653,108.479547013695,0.766803080975316,0
"32",0.90261029602012,0.0183013853285203,-0.373590715165371,107.377371429877,0.367284409700246,0
"33",0.952712367774761,0.0187183476829422,-0.47691678984763,108.632095188211,0.646769623204914,0
"34",0.915818680319377,0.0200608333542612,-0.239742677397761,102.13957820515,0.122802312306956,0
"35",0.934987551107928,0.0197553650685615,-0.314715866772185,103.890442049929,0.377410028321722,0
"36",0.937701412579131,0.021438029357088,-0.34899559471529,100.159104476054,0.421958433192324,0
"37",0.939782348708501,0.0188607284731539,-0.47163661811919,107.952320136575,0.464146784435839,0
"38",0.919877165369148,0.0212157669190104,-0.323425512433413,100.51860922654,0.104102272383188,0
"39",0.947991661168029,0.0202689160146532,-0.392877546507111,103.622184847009,0.576155629792679,0
"40",0.954534480237019,0.0190063087905891,-0.420772964362394,107.158731068992,0.668114620555087,0
"41",0.953879329911772,0.019161909960915,-0.488308223107182,107.581450853235,0.655955571032158,0
"42",0.924136712950719,0.0183038503645702,-0.274960755845638,106.565935079834,0.15371665386493,0
"43",0.949730360592227,0.018766508219975,-0.46781156269802,107.773362125659,0.608526791564744,0
"44",0.948534855556755,0.0155242109642049,-0.347997101467338,113.966951980518,0.625500383794039,0
"45",0.929014041043698,0.0172230934359706,-0.253377747145856,108.171170982555,0.253775307879549,0
"46",0.923308906039155,0.0217097559217091,-0.30196314609855,99.6261083911118,0.171388797342532,0
"47",0.920466736514362,0.0228676855689101,-0.349521415445123,97.7783512750485,0.130609145303837,0
"48",0.931802201411873,0.023989298198178,-0.403013815721803,96.4761089293739,0.326371340243506,0
"49",0.929624277977797,0.0198920152286887,-0.294270736661389,103.147990818179,0.275632676563367,0
"50",0.906368915255336,0.0217834521763656,-0.378461692428307,100.08033317198,0.278571710201478,0
"51",0.905113533428043,0.0185739951175243,-0.215528241852936,105.009602326031,0.300147994910299,0
"52",0.922396121850961,0.0166016568684252,-0.334196009630887,110.758762988863,0.113487881938113,0
"53",0.951273811501059,0.0155439288338505,-0.328261068809589,114.530779938364,0.665340156574719,0
"54",0.938278879072447,0.0202956738984762,-0.338481395659883,103.061219026546,0.434586183128881,0
"55",0.944452550650011,0.0183976456159611,-0.340711534895669,106.839433895085,0.543227644352569,0
"56",0.958511634884756,0.0179142232932625,-0.498250186751724,110.797769603881,0.723812997291942,0
"57",0.931982551197733,0.0192336373412571,-0.352421481858436,104.743160017391,0.319072036914296,0
"58",0.915392702318967,0.0232812723125261,-0.312505141494295,96.7351503382347,0.151336695355411,0
"59",0.960541767079902,0.0165730047524548,-0.420013862745776,111.923535117454,0.765819332478701,0
"60",0.93466229804139,0.0182624920387987,-0.285255993491402,106.188385733716,0.371470115381001,0
"61",0.932274248101222,0.0206812042842786,-0.325182048500383,101.666333979304,0.328159113926875,0
"62",0.943055003229981,0.0173420410363536,-0.309007498643939,109.452931213489,0.531048401994086,0
"63",0.940780935047081,0.018920571524801,-0.363571062494038,105.846890662618,0.48185482435122,0
"64",0.965604343920379,0.0188349659142561,-0.633931389553243,111.69058945064,0.785756866298493,0
"65",0.902768837746893,0.0170460888974612,-0.175419245092498,108.126958446461,0.357020900483389,0
"66",0.911358408825015,0.0160869232672869,-0.233411478992609,111.531225839378,0.219447421240943,0
"67",0.933465193677391,0.0175483106238511,-0.296783944431467,108.32884181508,0.346211462490173,0
"68",0.94200261639211,0.0203579068656842,-0.354685204234748,102.753790883334,0.493409468308424,0
"69",0.924758061734962,0.018308507212354,-0.278657865663304,106.151352255802,0.166705934531691,0
"70",0.923448696652023,0.0218015554675221,-0.34491979978371,99.7503052080262,0.172370936937193,0
"71",0.908298867623133,0.0223357985946944,-0.274097233739079,97.8437276939294,0.248090388835958,0
"72",0.959098828868894,0.0153224294561135,-0.422217572911005,115.438029551793,0.759428608366499,0
"73",0.932123485671079,0.0213122179139936,-0.315258957236051,100.273985819377,0.326763518424564,0
"74",0.904291850214337,0.0181798857387606,-0.353241780368355,107.610739680212,0.332435338077463,0
"75",0.955714001560265,0.019484301341213,-0.470936897465486,106.43856330085,0.674595241687421,0
"76",0.948567020830059,0.0206988520040702,-0.404494801374354,102.914604445998,0.581516150246786,0
"77",0.912838069511409,0.0220645202079618,-0.253260286604519,97.8763423330989,0.178216498172996,0
"78",0.946769637146229,0.0193584328632764,-0.437767517862883,106.471725315181,0.563015079183127,0
"79",0.938052639553829,0.0185069198426636,-0.339776596359802,105.856312913523,0.436381764180543,0
"80",0.924484869243072,0.0205497419371824,-0.292658685942605,101.630283392253,0.182503743545895,0
"81",0.936696092416487,0.0194056355594138,-0.311074406283518,104.049531120437,0.409223776476963,0
"82",0.941378412789212,0.0188003427577028,-0.336737117353035,106.303477170169,0.492813494010042,0
"83",0.919347075142738,0.0184848273039592,-0.392874006915479,107.027783173097,0.0716381717637672,0
"84",0.959923741605595,0.0164792932108235,-0.492379199969821,113.730023929441,0.754993659643684,0
"85",0.906782322339728,0.0168015938573868,-0.222503131959741,109.14112742093,0.288362577024835,0
"86",0.961533096401299,0.0184795836702506,-0.570229896348478,110.464306477945,0.752079420402437,0
"87",0.941462714099779,0.0200040493524038,-0.360830828094867,103.718149315342,0.486986337306884,0
"88",0.869488857349405,0.0144818107460998,-0.472723334796986,118.857612463587,0.964012133472922,0
"89",0.918150341513518,0.0205096975510019,-0.32222385415357,101.814032178973,0.098987299058357,0
"90",0.964201588646335,0.0186536231088992,-0.55450285940883,110.064568819039,0.778427842902855,0
"91",0.953122026336806,0.0192631209369026,-0.417408874773501,105.753944735676,0.650069424432488,0
"92",0.946017278441808,0.0195746867824816,-0.378183218005893,104.62240961604,0.554304251015513,0
"93",0.915474610935811,0.0194168354810373,-0.234433855290539,103.11193655244,0.122697164358082,0
"94",0.92630517759835,0.017519462340652,-0.256751983564943,108.095531717156,0.195801627962945,0
"95",0.936338967490832,0.0199358810934248,-0.343530368182965,103.497193438983,0.401794068203794,0
"96",0.962882319798456,0.018556484992903,-0.513832219450924,109.194800859206,0.76872470298297,0
"97",0.940664523338131,0.0203297352733449,-0.348254187559874,102.746710608033,0.473135918087293,0
"98",0.948173484285828,0.0193501992557688,-0.384052625003756,104.996086051061,0.584669618863424,0
"99",0.937086902736805,0.0191653821951048,-0.318560710563884,104.373259818361,0.416861816611315,0
"100",0.932867069158242,0.017796541689452,-0.305806317140112,107.578561631672,0.33390721969082,0
"101",0.961568870965072,0.0164428858940064,-0.445046996575094,112.845936194649,0.777908158442648,0
"102",0.932173477254654,0.01928641967832,-0.28750225548776,103.946276049972,0.323197850663966,0
"103",0.953324547053582,0.0193048264602534,-0.416932843290967,105.689236202087,0.652128382259655,0
"104",0.883409621176349,0.0217548243174218,-0.202703775256399,98.0490753458528,0.65143403964407,0
"105",0.945258229348543,0.0219364833791772,-0.42403436535721,100.46062574094,0.527811828896787,0
"106",0.927491015415149,0.015021904510835,-0.25313792411347,114.037209958448,0.217106014832182,0
"107",0.925067364158192,0.0188165489280087,-0.252335168025361,104.756181057185,0.179068392129362,0
"108",0.911082477739946,0.0176486155250187,-0.302897599194417,108.142248496045,0.207496752879562,0
"109",0.957032815427361,0.0193289331300379,-0.459904801271304,106.453543212959,0.694563296424028,0
"110",0.922360373916998,0.0187553178198595,-0.24828419158536,104.99440037132,0.125882116568302,0
"111",0.944394733493171,0.0167029203092571,-0.310267426065811,110.814805114443,0.557930289927316,0
"112",0.957590549770794,0.0195535766859009,-0.485243405432756,106.509978596908,0.699796960611775,0
"113",0.948981053540347,0.0208402521290512,-0.409013203897688,102.602488586913,0.586257406334554,0
"114",0.942745641623261,0.0183710909003686,-0.357262255148053,107.348306495446,0.517013012060773,0
"115",0.914798531992274,0.019835044633726,-0.503764542201598,106.132881470506,0.1438740561704,0
"116",0.888026981786029,0.0196121954513143,-0.20268317940133,102.960374212929,0.613100419710705,0
"117",0.944879135725364,0.0177816978944824,-0.434930446913756,109.185541124171,0.550742051832509,0
"118",0.958845251830073,0.0199459517648233,-0.491163610633448,106.289592115196,0.712975206323904,0
"119",0.940725713101442,0.0199680191994955,-0.345888303203214,103.856347237598,0.475862631698228,0
"120",0.939609443935384,0.0197479051405116,-0.335738618010551,104.324909625916,0.458841679906488,0
"121",0.955420829681487,0.0207781055645934,-0.476627000457557,103.674669820924,0.662916420321923,0
"122",0.94448895679749,0.0193206917656085,-0.439627975895378,105.956478689239,0.53349314332991,0
"123",0.918004358351305,0.0185822958989501,-0.241452896910235,105.580992599909,0.0807287319041722,0
"124",0.92078363779237,0.0181454343009318,-0.239376991295567,106.293512813209,0.0885303500664146,0
"125",0.912452337374114,0.0182686951747888,-0.215361542571234,105.743145161276,0.161676538759311,0
"126",0.947713792717656,0.0164670592235488,-0.323028672261323,111.308517053528,0.606932958104521,0
"127",0.925491732799422,0.0164821253469524,-0.221212273077209,109.931923725316,0.172452016609929,0
"128",0.959645228260036,0.013678568473761,-0.389232050444429,119.900793932031,0.787565817005092,0
"129",0.96005959837282,0.0204347610703178,-0.512083054989056,105.083423840841,0.723235366679076,0
"130",0.956611508870642,0.0193556592803622,-0.462119696979658,106.500528150317,0.688446206407613,0
"131",0.943765235113749,0.0183184100593114,-0.362847421253306,107.3704811264,0.532878333787992,0
"132",0.914389967554939,0.0181907420193706,-0.336140234302274,107.668603966986,0.137022867930422,0
"133",0.953845215612266,0.0202596829729269,-0.439359394873262,103.882285654416,0.649362003644057,0
"134",0.973732302180747,0.0173830519852864,-0.668667969804364,116.156108462913,0.857067201707399,0
"135",0.950415319174526,0.0193684109546062,-0.469011725881544,106.337666436601,0.613335673175214,0
"136",0.967856120162573,0.0140046454496181,-0.435686229154913,120.037523806617,0.865070516161022,0
"137",0.935999147233938,0.0235143557897731,-0.398120256260656,97.2618220228746,0.391837402878058,0
"138",0.935529984647824,0.0218167469350917,-0.355800077128617,99.6184254183453,0.385775008750866,0
"139",0.941408200980828,0.0196849424331064,-0.345746535886758,104.618415467731,0.488115624529316,0
"140",0.955841765102757,0.0196159814284188,-0.447363646138125,105.418023548069,0.67619887799086,0
"141",0.768881312021544,0.0136027875875038,-0.569507612064253,123.669791707943,1,0
"142",0.930599914190004,0.0206929872147916,-0.396543412008631,102.381636807733,0.296700940731849,0
"143",0.948074252960233,0.0232253585256099,-0.68729940062302,104.240209724097,0.556758829504849,0
"144",0.960928303605896,0.0164508872799023,-0.436213440546023,112.928573106265,0.770805537095216,0
"145",0.927952479852673,0.0181336611095932,-0.268549990865424,106.754658235049,0.232886311501917,0
"146",0.947107712909313,0.0180898062804627,-0.421154220869302,108.834700013754,0.578418751178358,0
"147",0.914600172600443,0.0162619335397818,-0.215877570270685,111.175426798949,0.14953679666249,0
"148",0.861931145694724,0.0157064997817186,-0.345595076756029,113.936551253062,0.959497001665225,0
"149",0.918495485198737,0.0181398662713492,-0.332933539212048,107.750514597685,0.0754391548492358,0
"150",0.953552134530139,0.0199424017534076,-0.538831866150728,106.72420081912,0.643805670533029,0
"151",0.949269171889614,0.022886701973755,-0.460137027387314,98.9975346518517,0.577389213728126,0
"152",0.945473815371299,0.0180790591782628,-0.406895061044984,108.651294779329,0.557702533058158,0
"153",0.909283213585063,0.021685500391788,-0.384564903961825,100.076438281352,0.231515010223906,0
"154",0.917574528404068,0.0166070861133925,-0.667060086346933,117.808503030996,0.19047619047619,0
"155",0.942626890375215,0.0187295271691923,-0.339243186850876,106.295035099304,0.513180010591516,0
"156",0.958484148084764,0.0196700500510484,-0.477544169973551,106.215119205638,0.710883276537799,0
"157",0.944092077894676,0.0200400675184114,-0.360809760825593,103.71381707716,0.525523914100454,0
"158",0.953116510286788,0.0169620466608462,-0.444263004042368,111.887529885907,0.668812379849385,0
"159",0.960448594819865,0.0199454624652806,-0.519870908573259,106.345411135404,0.730914476510217,0
"160",0.955839738016916,0.0200011845446647,-0.45303536005738,105.15985170805,0.673708889026979,0
"161",0.940936033519769,0.0201965278638741,-0.369175001610509,103.297019128677,0.477712883970516,0
"162",0.951963066970654,0.0194445437123063,-0.480841428359311,107.127876015629,0.631858868033811,0
"163",0.934144505515496,0.0163269995217997,-0.29713235078775,110.771590218487,0.364060215035252,0
"164",0.908402211075235,0.0222240637483496,-0.243131931957202,97.8910105207278,0.246115213757238,0
"165",0.938608770578416,0.0201859994485948,-0.342383150341781,103.099308416594,0.44044305186393,0
"166",0.961419042618569,0.0158586246324709,-0.411047982329733,114.613171828697,0.784225969731472,0
"167",0.951075585111846,0.0202364241617048,-0.43105893962972,104.396197595148,0.617029060095239,0
"168",0.969022752443021,0.021529965536874,-0.704635101267814,108.011167706391,0.791541050371464,0
"169",0.947890031682689,0.0153592161239875,-0.324600012943821,114.57615459633,0.620891390735875,0
"170",0.896944773635355,0.0228049255385948,-0.267750340848817,97.0292771043954,0.435172996055611,0
"171",0.940539533957651,0.0207615572255029,-0.391242454607365,102.433421151349,0.46868101659561,0
"172",0.936249586367433,0.0198020254690549,-0.321293409645571,103.341768525637,0.400423913007503,0
"173",0.905466530884673,0.0155052623779389,-0.220521623032453,112.702964702592,0.336341632832878,0
"174",0.950970098432574,0.0205749116095939,-0.421576554539265,103.513121704765,0.61368816297403,0
"175",0.951132178077802,0.0170428623079069,-0.364750873633456,110.543122909162,0.646465199041803,0
"176",0.956842780334189,0.0137110464293382,-0.317699970500671,116.752469160621,0.751725887482654,0
"177",0.94900669904767,0.0173654075249088,-0.362256998077643,109.428767967163,0.612438857988474,0
"178",0.937110913863919,0.0208266103688802,-0.357384578831477,102.089660220551,0.41353577721219,0
"179",0.952798331194066,0.017451594218753,-0.373784926667737,109.506020378976,0.664256243611676,0
"180",0.909330593553291,0.0166589169131416,-0.284440555829636,109.730371332369,0.255383923233111,0
"181",0.932581394333095,0.0192746927070994,-0.340977148784144,104.412566981453,0.331055980654518,0
"182",0.941039474027643,0.0192414731557959,-0.407157371110692,105.547014131921,0.483617392434219,0
"183",0.935118007226501,0.0190158649128107,-0.334818796542978,105.296654007909,0.380190468636748,0
"184",0.937787740132428,0.0183844880314597,-0.321241222262601,106.730195051367,0.431984260453391,0
"185",0.947357718691865,0.0191825508711806,-0.376612424237207,105.375958386588,0.574494421582132,0
"186",0.929186042015039,0.0186282242730028,-0.270998767323435,105.812034534842,0.260412664688375,0
"187",0.961735174422533,0.0170201602377843,-0.463270133602309,112.14808072272,0.773119536377756,0
"188",0.950579234338025,0.0205213895930008,-0.424593397351748,103.57526114299,0.608970118140084,0
"189",0.942589493003622,0.0172302788648399,-0.303605286690535,109.543037859928,0.524387394661934,0
"190",0.939877430968041,0.0165309984509634,-0.423503831700776,113.078094272551,0.478619046918442,0
"191",0.919142933275339,0.0215811692489585,-0.398881186470175,101.007899386348,0.0988553441583805,0
"192",0.952128996217669,0.0199735567868871,-0.467035746339343,105.049675359101,0.63047562902738,0
"193",0.913240112645518,0.0159091000989282,-0.228841854095506,111.400289201735,0.184912486628651,0
"194",0.9343293703888,0.0173425679322875,-0.273654469542127,108.504873419145,0.364463003941427,0
"195",0.922070382392934,0.0164690664903854,-0.264269973563235,110.603213066221,0.110602118505641,0
"196",0.939254556666548,0.022686203363945,-0.421170942617561,99.2105318659897,0.442121294204952,0
"197",0.974602402660308,0.0135116911238243,-0.532006668494093,124.014044506428,0.900482599262381,0
"198",0.959123530823457,0.0221117935040208,-0.541983518097905,103.070447417782,0.700446483796887,0
"199",0.94722066005389,0.0203001970890457,-0.395761606334434,103.263173286869,0.564628694107999,0
"200",0.96561395001342,0.0154600437350116,-0.460796039518997,115.738603170386,0.827467676107805,0
"201",0.958408527282153,0.0174146311474606,-0.419036733141487,109.93351405842,0.729957702934414,0
"202",0.954687385803096,0.0152950917179688,-0.348147347732456,115.210404310744,0.710485242685347,0
"203",0.945078785042628,0.0170909128777668,-0.331689568562781,109.427700023366,0.563865900298285,0
"204",0.94568387923867,0.0184566967466901,-0.367860042923866,107.236417926433,0.55911209588876,0
"205",0.949160864433879,0.0165393384851887,-0.378254343380775,111.397659896865,0.621285983628752,0
"206",0.948547095323627,0.0205058165605284,-0.432227817542577,103.385906664706,0.581701214765264,0
"207",0.96082040232308,0.0170990659209275,-0.462172190221668,111.662838811815,0.761803151283034,0
"208",0.937814558061451,0.0196383196223902,-0.334694417150547,103.549101249385,0.428584291974024,0
"209",0.958322214617986,0.0172863671133225,-0.51901890998164,112.867816428873,0.725628298076568,0
"210",0.956065148006921,0.0205076313810406,-0.474443780081076,104.706200758758,0.673408212910032,0
"211",0.935056491147559,0.019450078288174,-0.299599689479862,103.865246580199,0.378818883025306,0
"212",0.96736124228337,0.0171299538404264,-0.540094756580963,113.152228352333,0.822551472472627,0
"213",0.948483179617717,0.018510274566831,-0.366254527906469,107.428801992971,0.59550988942706,0
"214",0.931278603284649,0.0181901459354871,-0.288478789468787,106.189144594535,0.30159416769832,0
"215",0.961057465651535,0.0187564292723558,-0.510210634734102,108.741266508946,0.747554434372724,0
"216",0.920187827766949,0.0173449226661288,-0.240977296119069,108.330356779453,0.0701326778747211,0
"217",0.926059541013732,0.0174761301312344,-0.259626005006889,108.23753489505,0.190223419158349,0
"218",0.922476617869099,0.0202024243471362,-0.286950885132629,102.569658588528,0.142136516122916,0
"219",0.942155930054822,0.0178315776365505,-0.390873405127206,108.306378670941,0.510475945947883,0
"220",0.951627614594304,0.0194226560392945,-0.404928810095908,105.212132476319,0.631069775124725,0
"221",0.963971983826097,0.0168773576121306,-0.56583654900532,114.680844888163,0.791167546440341,0
"222",0.923573102678062,0.0164289474732892,-0.322243794972887,111.372998148857,0.135402561057157,0
"223",0.952165965333272,0.0155888043803375,-0.433331420812831,115.393935342981,0.671109007077097,0
"224",0.959751836031499,0.0165659664010273,-0.419444407365901,112.362255403663,0.755847797202374,0
"225",0.933240987692428,0.0169843489879345,-0.2544128327991,109.194304348129,0.343112827479773,0
"226",0.92642725175831,0.0197201199765284,-0.282281927904239,103.257822937818,0.212672269600531,0
"227",0.931144747861886,0.0221264157769773,-0.323037855044861,98.5997400855597,0.311509823198289,0
"228",0.939099046920905,0.0178644669186885,-0.310061312190618,107.186795914688,0.458503217947228,0
"229",0.896352002753154,0.0178366784436331,-0.201271385206366,106.441965131007,0.483291687648031,0
"230",0.936233006974955,0.0210996362619288,-0.458041501134866,102.34629439846,0.398167317384322,0
"231",0.921611540368068,0.0199423252923524,-0.269749763254454,102.201728307597,0.124600781858273,0
"232",0.948010829808505,0.0181530826663117,-0.359049096263422,107.247775479837,0.592314057633048,0
"233",0.943794113069583,0.0169093200740324,-0.301352634834552,110.054306815621,0.54691468629133,0
"234",0.946713057791348,0.016890916466708,-0.318608539832833,110.089371823294,0.58966774740908,0
"235",0.924163740478868,0.0184453370631567,-0.281553082745988,106.3516589225,0.155310652183468,0
"236",0.912885264292306,0.0141286781350597,-0.371646053453871,118.58221447887,0.25301948999854,0
"237",0.921976566267115,0.0149906898683051,-0.24181476241036,114.018593017778,0.121993803990794,0
"238",0.938285196452832,0.0180780506230207,-0.298631508479094,107.02409203928,0.442517266774547,0
"239",0.925003293621937,0.0188432501629394,-0.25556821669942,105.114425828881,0.177905237563416,0
"240",0.929222517841297,0.0200411890892042,-0.300157192820082,102.749202284963,0.268543625513223,0
"241",0.950998211331934,0.0221520469967712,-0.462477564367536,100.925276488778,0.602521654958835,0
"242",0.950552743265849,0.0205815091568124,-0.418544584520715,103.471855794261,0.608429667427674,0
"243",0.957803155955724,0.0167471676083828,-0.403800949451433,112.06562770595,0.727895976784843,0
"244",0.908124337631687,0.0181999643652028,-0.29104955241885,106.968524530945,0.249260356489734,0
"245",0.934678182898675,0.0207803073224273,-0.336919504330204,102.052524211143,0.371599010309023,0
"246",0.93773518710373,0.0195325288429278,-0.365260974216773,105.282604998693,0.427357236561404,0
"247",0.897277136859222,0.0179461270013219,-0.194728728273595,106.891084694942,0.463068590312732,0
"248",0.919329895070081,0.0220665548228884,-0.29189637250843,98.600463547719,0.10783536594032,0
"249",0.947368378096442,0.0214207099713467,-0.420624208758316,101.815372875902,0.560484648684522,0
"250",0.948106668217928,0.0176683414411924,-0.433622871046156,109.830829433797,0.593852137395984,0
"251",0.960085426210998,0.017117254997109,-0.442955747874514,111.251007388108,0.753659089938731,0
"252",0.964564253066032,0.018798937403094,-0.530507728357388,108.419017280697,0.782057432781153,0
"253",0.942875914685123,0.0212898245222863,-0.378708698067709,101.903514136828,0.500485115939159,0
"254",0.971795001616639,0.0122278366912429,-0.441663606241308,125.618263750524,0.904427194091871,0
"255",0.939955999050582,0.0225780580816553,-0.38702992809725,98.5756515225653,0.45295490661436,0
"256",0.953913722860959,0.0203057578936049,-0.446426455796184,104.210098597081,0.649418060496427,0
"257",0.941073179328705,0.0192989826631322,-0.334104687018865,104.6103646504,0.4850691430809,0
"258",0.950270189642485,0.0204401587758253,-0.428526992427016,103.570275912813,0.605389456038101,0
"259",0.913612120017752,0.0200230658467881,-0.276463010232697,102.714781142121,0.155891651412093,0
"260",0.950630072916843,0.0191754054881263,-0.399119904788969,106.235209729951,0.620176335807556,0
"261",0.964056223716597,0.0154761594904817,-0.430565763946053,116.077637748623,0.815006954839055,0
"262",0.910372458374098,0.0217472813510981,-0.330311728386278,99.5197470646608,0.214520015699809,0
"263",0.952820535804854,0.0220842866892935,-0.468091248770113,101.479017258522,0.623731996706051,0
"264",0.929249667958648,0.0165544899684875,-0.36406821196836,111.687153135933,0.258170250388747,0
"265",0.957828735470161,0.0160534193103817,-0.380671996199963,111.43908269347,0.735787342479508,0
"266",0.951959199530406,0.0189137797882348,-0.407687631769684,106.365550039569,0.639183105508601,0
"267",0.908023788235376,0.0170828096032509,-0.266829077591651,108.421508912761,0.266761325707394,0
"268",0.896574930559147,0.0213085892074446,-0.218961090041509,99.1184814137527,0.450010199022445,0
"269",0.957185434002215,0.0204075806996126,-0.476763165583411,105.077163272246,0.689077903189784,0
"270",0.950543979165172,0.017507533318126,-0.509849822430318,111.772377064558,0.627865493728477,0
"271",0.925642100251601,0.0185540733096266,-0.410745568907328,107.106350242248,0.184976889389438,0
"272",0.956789533396481,0.0170890919429871,-0.399801259593056,110.600774271309,0.710223743402359,0
"273",0.940555908214188,0.0204443753639212,-0.350931826343075,102.125954430379,0.47086904640228,0
"274",0.959720120619176,0.0182538923740622,-0.462852852654806,109.365796302837,0.738084894901856,0
"275",0.930547967417933,0.0206644322048605,-0.333351669064862,101.856362339132,0.296097223777017,0
"276",0.929924821693818,0.0180602704684521,-0.384339736794712,108.552672158184,0.273445132151436,0
"277",0.958846938805648,0.0174077455177814,-0.43413523305885,110.726190341147,0.735334785819751,0
"278",0.945983171791841,0.0191504580923525,-0.452372218669288,106.307619248172,0.554107933738299,0
"279",0.923722358747704,0.0184412833737394,-0.378556592099176,107.105238534405,0.143578025950611,0
"280",0.952317180732988,0.0162175255602125,-0.37845453058213,112.290964250137,0.669824434763533,0
"281",0.947609948215883,0.0191452152716134,-0.446484881458531,106.787419035575,0.576038331858063,0
"282",0.913621087907162,0.0159262943176407,-0.221646926456932,112.194926096122,0.175913273136219,0
"283",0.971993403476734,0.0154586262654185,-0.55959895402916,117.934382073062,0.870600483380309,0
"284",0.908948892175424,0.0192914640696632,-0.21876583907761,103.54394037368,0.228676144182758,0
"285",0.950769028588165,0.0188625121297511,-0.405986889910486,106.436803821462,0.624175218801323,0
"286",0.953678893092277,0.020807685164138,-0.457330002228341,103.358319168902,0.642544789001279,0
"287",0.917112177099967,0.0190612835693727,-0.491657302517936,107.320639894363,0.120393065922901,0
"288",0.910386201272331,0.0200819802427319,-0.227260270942772,101.961193627092,0.206825489982817,0
"289",0.93215502181553,0.0220967903228899,-0.340622989053795,99.6350128677168,0.328808935249866,0
"290",0.947414016507286,0.0172638464457221,-0.339894744344988,109.309725209054,0.594166517707398,0
"291",0.909262133504434,0.0180133696948921,-0.200306738190128,106.178975746224,0.221366051745792,0
"292",0.932889194453167,0.018725284409663,-0.296634905441664,105.404098653882,0.336188786114879,0
"293",0.941612651663608,0.0200004539531225,-0.350326674618498,103.655742659716,0.489505245574855,0
"294",0.951792173469543,0.0199318484988717,-0.496202959104383,106.273115698074,0.625552267929699,0
"295",0.944889846824443,0.0198765076969755,-0.389085224370127,104.026358509169,0.536727290275999,0
"296",0.942528936520236,0.019744236152421,-0.358757532681568,103.841184158707,0.504748345654691,0
"297",0.963065923754025,0.0174918635740389,-0.526688552488291,112.53838639833,0.77916284105074,0
"298",0.958687153219416,0.0173567692595751,-0.420841313217009,110.330969999159,0.734220066684334,0
"299",0.935971620027595,0.0185868768666613,-0.306231358385966,105.835216220196,0.397037039286417,0
"300",0.918028751278266,0.0224645180417976,-0.295288957102144,97.7433675539759,0.113344434603595,0
"301",0.91327300425266,0.0198554479106371,-0.235873516154427,102.034424958734,0.159039624166654,0
"302",0.915022634076795,0.0209286420373244,-0.252534211221375,100.185418862933,0.140485429188388,0
"303",0.957138799620236,0.0171674846215774,-0.400536759570638,109.966496923417,0.714502429903623,0
"304",0.927003724640427,0.0184786512441299,-0.290018104539804,105.991211910981,0.214147205272587,0
"305",0.941578318748589,0.0177464085089473,-0.303764084925613,108.379388715683,0.503488580723176,0
"306",0.95110920028716,0.0209986333441745,-0.429500715444934,102.671320753913,0.612282112642313,0
"307",0.94740135589936,0.0151866731551402,-0.288727468413516,111.966637248083,0.618835627840547,0
"308",0.955971643156383,0.0170796384139769,-0.389445803117599,110.868842922268,0.702950990454083,0
"309",0.931156763896819,0.0178594839236601,-0.265281582594343,107.037353670002,0.298586472962395,0
"310",0.89434783666411,0.0164191212287082,-0.293738042704216,110.898225146623,0.5525717768097,0
"311",0.938221996409563,0.0194606334796348,-0.323495962312281,104.109935698215,0.436326181081085,0
"312",0.927298044936945,0.0210505921440712,-0.323821759347338,101.220252303825,0.237596576157682,0
"313",0.859619516682484,0.0239552354839509,-0.66455852105151,102.457730920762,0.976190476190476,0
"314",0.874848357340903,0.0232520429651377,-0.497283208211435,99.4907597615931,0.815288984197978,0
"315",0.959049236155965,0.0189662361108049,-0.469633518738224,107.773224133231,0.723608568288453,0
"316",0.954142296488716,0.0205813509179729,-0.479522641107946,104.020754983283,0.648202059191919,0
"317",0.948669430896229,0.0206439261835982,-0.403785148522512,103.121599273088,0.583281795641999,0
"318",0.925678398683696,0.0202341501500169,-0.329814713935109,102.370575367479,0.200673389194311,0
"319",0.950687713511887,0.0187747899927694,-0.395051801102717,106.19902251698,0.624200944676567,0
"320",0.956112370596198,0.019070260221223,-0.484619110738579,108.052145951455,0.682611693571286,0
"321",0.952241609955888,0.019309205355753,-0.410633213104336,105.655672128819,0.639397326123041,0
"322",0.945031387285623,0.0206182002576213,-0.379524058994206,102.868030959427,0.533866472314694,0
"323",0.946808432080535,0.0214807820046421,-0.414665286529669,101.511669092668,0.552345746796936,0
"324",0.930717498589525,0.0192799927704554,-0.319086149765107,104.581175252294,0.294169018695445,0
"325",0.945359808246596,0.0177464102230372,-0.342963239181922,108.823419309468,0.561643765898837,0
"326",0.912745023308972,0.016536010295283,-0.458915775444219,113.282916152699,0.218591425015083,0
"327",0.92465719173341,0.0183810459113442,-0.284898639047361,105.909814968513,0.164928475533703,0
"328",0.950955546993228,0.0187182144681749,-0.41141073388479,106.680743671116,0.627580692579987,0
"329",0.958634853939214,0.0149672549663831,-0.363503637572781,115.255670662466,0.75987767882628,0
"330",0.947381014277593,0.020338452899347,-0.413989218709983,103.327323349484,0.566428979467407,0
"331",0.941600908623192,0.0180378145991765,-0.311465437563047,107.17219673275,0.501766202190643,0
"332",0.941874629316365,0.0214752806901355,-0.378710489878486,101.184726268396,0.4853455300397,0
"333",0.942181704348932,0.0180178857635717,-0.316731748467963,107.203066062881,0.511457869762496,0
"334",0.938325639567877,0.02135185906901,-0.354569287168477,100.839977983616,0.432189719260297,0
"335",0.941477415900259,0.0181416428997074,-0.342285061530214,107.883896748357,0.498363780718653,0
"336",0.957612906900034,0.01679735848604,-0.396284753038856,111.604462430378,0.724960216087862,0
"337",0.916183064707408,0.0193552035576497,-0.232360665005374,104.342380355262,0.111927306828144,0
"338",0.942217053536028,0.0210878845730982,-0.375249237085079,102.079455926634,0.492279104627699,0
"339",0.944502193638841,0.0179993115645497,-0.355038193461265,108.084445778483,0.546599309381151,0
"340",0.938317988675317,0.0200413066847118,-0.344839569282069,103.08576399846,0.435998015155935,0
"341",0.954237576203311,0.0193358240799669,-0.577264411477949,109.21967995674,0.653929906385623,0
"342",0.953172926670018,0.0226032384076464,-0.512503463850326,100.826066826865,0.622889606209356,0
"343",0.926651507618032,0.0194835073271818,-0.400083792109022,105.326704868049,0.211106775111444,0
"344",0.953023366250897,0.017278978947284,-0.373185942459358,109.973936586665,0.668730133427885,0
"345",0.91169143844761,0.0199544746989966,-0.231269107855581,102.037612952016,0.184705909181756,0
"346",0.934169718330682,0.0192591394700305,-0.293311347083834,104.629337420885,0.361970387928717,0
"347",0.642500614165874,0.0164673069547807,-0.477762313716556,113.864330293117,1,0
"348",0.947923462737326,0.0218050883785719,-0.433963156088598,101.394985876191,0.565979629192194,0
"349",0.952548911451215,0.0201553106161986,-0.425088194817406,104.021240279505,0.635929091608353,0
"350",0.956220874186128,0.0167633352347725,-0.383435488644075,112.215361102817,0.708978891357422,0
"351",0.924059062416579,0.0184349093844271,-0.518121210084626,109.895823127954,0.147689681669936,0
"352",0.93124119251533,0.0186534828942857,-0.289946351045246,106.239190028014,0.302551096157954,0
"353",0.911141331073192,0.01681363384197,-0.307936643802012,109.745096261392,0.222225983691174,0
"354",0.945470098520323,0.0171469961453037,-0.317291472381917,109.49083744252,0.569758460876016,0
"355",0.945106845121481,0.0227523625588369,-0.424088940339512,99.2460415364743,0.522758547540687,0
"356",0.953858580015174,0.0220677972407164,-0.548259878383747,103.014064591165,0.634056659803341,0
"357",0.944960791733268,0.021531763869942,-0.39120773429412,101.833010934663,0.526710904965889,0
"358",0.9378087376064,0.0171126327211194,-0.427017205131152,110.615902770194,0.436198539554902,0
"359",0.936927563659709,0.0166816818786051,-0.26448450796421,109.171478706435,0.420458103748032,0
"360",0.931531432256769,0.022974437536569,-0.368633732325004,97.3160694433313,0.319981202739771,0
"361",0.945304767302015,0.0166622999769028,-0.304638982469562,110.665401073068,0.572486586234342,0
"362",0.921876291081568,0.0145590289638596,-0.238557181654346,115.19430986086,0.124132230552281,0
"363",0.962186975076709,0.0194549478127754,-0.619088026101908,109.941874781878,0.748750347956288,0
"364",0.932768898107087,0.0186972856188222,-0.298154063480333,105.702808270302,0.333710038306525,0
"365",0.942477590813804,0.0220424412665244,-0.392181488512553,99.7469965258824,0.490802115605546,0
"366",0.894381101267414,0.0183626180784075,-0.185221495343492,105.011416617569,0.515650964414057,0
"367",0.925699114581738,0.0181320036662114,-0.315197619599616,107.490017867513,0.185140452359937,0
"368",0.942512049651843,0.0169220276535263,-0.330185465281812,110.127172055503,0.524709415763699,0
"369",0.898899344092951,0.0177111003710157,-0.184097911176001,106.643170904843,0.431154844736105,0
"370",0.87206537358921,0.0202367077238941,-0.185944779359207,101.166953356884,0.797139516882068,0
"371",0.917611243667398,0.0204184152985019,-0.299786924533057,102.419469399039,0.10398248488969,0
"372",0.93936425712795,0.0203666735892408,-0.439389576629427,103.745315789653,0.451419916301392,0
"373",0.970302624168276,0.0166367216768207,-0.569458758456385,115.31165063013,0.848580786882944,0
"374",0.957848202737234,0.0182157224696559,-0.477510374505718,109.649110334705,0.713302781094814,0
"375",0.958051994114474,0.01700051327454,-0.405275839270116,111.629744060489,0.729170676689151,0
"376",0.921072679755415,0.0205795475289461,-0.309260291843025,102.206997483552,0.119054836338728,0
"377",0.953169966465863,0.019076024004038,-0.410805803331104,106.218607322726,0.652506355185824,0
"378",0.939186070216872,0.0187492335748784,-0.390560107228896,106.663587765966,0.455334344856549,0
"379",0.919236301679938,0.0231374474527466,-0.332031739335566,97.1157517453872,0.114528552749148,0
"380",0.970797594086208,0.0165570389029707,-0.567095523599459,115.492067947437,0.852925969289509,0
"381",0.944825907280979,0.0185756350965044,-0.519543784048712,109.761945963974,0.540753110066257,0
"382",0.950436736761481,0.0179176983957953,-0.375854287962816,108.238921732327,0.628464319443168,0
"383",0.929900305040329,0.0210765293989454,-0.487129483786507,103.347269653116,0.284133704492494,0
"384",0.917568770913817,0.0178271517085139,-0.233310822766291,106.796660607987,0.0791691472163082,0
"385",0.961416620135078,0.0158566870572308,-0.410971967072277,114.626647716133,0.784222362886373,0
"386",0.944297095037328,0.0186285141948837,-0.43089106590702,107.325542579905,0.5360859428164,0
"387",0.956522068189057,0.0213841624473105,-0.492155196563993,102.558902875089,0.674191332613342,0
"388",0.930816257871795,0.0214779211524876,-0.310447522772767,100.873057201495,0.303914287739182,0
"389",0.940249038212883,0.0178926465686899,-0.340128905507314,107.63655165282,0.478779964281979,0
"390",0.953479818641396,0.0174671559306979,-0.37934448497099,109.232610316306,0.672171652693408,0
"391",0.938839559302426,0.0184802872928444,-0.324414711703344,106.398975757902,0.450920838074274,0
"392",0.94490822467238,0.0169944712268746,-0.351963232570369,110.953295788938,0.561316194016506,0
"393",0.915270611969117,0.0181335159260928,-0.27752624248752,106.785651028049,0.117164126866079,0
"394",0.917140592560036,0.0214356371127156,-0.258875274236419,98.9913620863286,0.115730947082566,0
"395",0.921707564323726,0.0210957737118584,-0.30747643561821,100.673058838787,0.136497737410864,0
"396",0.924975232842786,0.0158538942389161,-0.24902907325279,111.937480191869,0.167059677028883,0
"397",0.87936990249268,0.0203466987647041,-0.200619722917295,101.00625611603,0.72349458231181,0
"398",0.829928285073334,0.0213790528001641,-0.174279533815437,99.1577974122235,0.9759476346926,0
"399",0.944948885455178,0.018774409284917,-0.356280432479289,105.982061964849,0.546838235126889,0
"400",0.945877473674937,0.0180600766152442,-0.406226221248757,108.466888437761,0.56337731716159,0
"401",0.908761823270464,0.0178478335165499,-0.223861107588794,106.429218482649,0.23446693040423,0
"402",0.961741694719801,0.0201024249721441,-0.537445366755019,106.457034789199,0.74316922761576,0
"403",0.935833729881522,0.0168493671201083,-0.262589515794221,108.915137937067,0.39687286397339,0
"404",0.941614942503657,0.0210437040013213,-0.369700589016064,101.24169939528,0.483829830986709,0
"405",0.925282148233117,0.0174787848318595,-0.250972527505283,108.051500911076,0.173393562081566,0
"406",0.947620614888986,0.0213015902716724,-0.412791206731662,102.041739139466,0.564779103957691,0
"407",0.938066162184284,0.016193049805602,-0.262058707274402,110.955335470083,0.44625206752268,0
"408",0.935022276990648,0.0211328876005104,-0.372241040965176,101.340740638304,0.377539067500463,0
"409",0.949099760196436,0.0228643705702674,-0.487006151252581,100.00223016976,0.574792133481245,0
"410",0.914105076036051,0.0179801549354715,-0.225623705410555,106.536031778511,0.134884888218756,0
"411",0.929794236969493,0.018032733656772,-0.292872689494286,108.179398802605,0.27077306426728,0
"412",0.92033478976072,0.0134251894550414,-0.232113062844593,118.578281182808,0.105476353420445,0
"413",0.963814415505507,0.0168681800473208,-0.466157459008254,110.978209054829,0.796353598563925,0
"414",0.954829201883822,0.019959664948509,-0.445407215668894,105.14791345064,0.662073361759041,0
"415",0.809120924249321,0.0184906788857769,-0.146386074829503,105.007930407657,0.99882795263356,0
"416",0.936543558444498,0.0183461222913833,-0.303533234434387,106.249989684393,0.408503628338935,0
"417",0.950773640079335,0.0172099278401391,-0.349607979223102,109.645921513421,0.640588875537345,0
"418",0.91555729812346,0.0175087933138048,-0.299468300862822,108.031475174117,0.118911771609265,0
"419",0.947910039502488,0.0201492368094863,-0.393227369567952,103.31423517184,0.575663790672518,0
"420",0.947209373776221,0.0192414136344588,-0.441451067243901,106.589082283437,0.569517434199348,0
"421",0.95302970459963,0.0175722795731019,-0.380153430227613,109.309458432657,0.665654686895928,0
"422",0.938623489579126,0.0184219654952781,-0.329681062106665,106.988421055281,0.447199851997058,0
"423",0.933087671320188,0.0201229166734917,-0.303306706009638,103.223681213192,0.342274412188558,0
"424",0.902512208669276,0.0179627518451988,-0.395423843221634,108.489695175504,0.378697875739074,0
"425",0.918937120494426,0.0193610742877279,-0.277273271881745,103.474234250808,0.07770180037505,0
"426",0.917688213275075,0.017928703112994,-0.44521470277464,109.633993367125,0.117626226749323,0
"427",0.960871748160356,0.0189831432030166,-0.48588160825244,107.631968518258,0.744786360740947,0
"428",0.912155188228216,0.0166466105678182,-0.26115431144874,110.154650083778,0.198022685600601,0
"429",0.965992664258298,0.0157411193749155,-0.471823443999081,115.124513596766,0.827639648359575,0
"430",0.94262709682659,0.0198516224882312,-0.376957536608963,103.875741054981,0.505151240753193,0
"431",0.908164490045986,0.0209103275195565,-0.230470316500128,99.9286249039587,0.246989718877114,0
"432",0.906099761772847,0.0178981746782545,-0.206633998788537,106.339014321898,0.285666292937729,0
"433",0.957264684723759,0.0175917857161107,-0.462721669427779,110.882347848155,0.710573186107487,0
"434",0.962908726500061,0.0160316766811343,-0.432243725573551,113.596244350241,0.797668921804177,0
"435",0.952264439212161,0.0220339028481706,-0.475312247393887,100.984980067058,0.617547818186769,0
"436",0.909843900501446,0.0216147045931408,-0.395725626643824,100.74561786434,0.222691135514171,0
"437",0.950920908523065,0.0217291254748722,-0.444055550727836,101.334663016732,0.604769278708154,0
"438",0.923531453958484,0.018308775022791,-0.336712176038896,107.134535176011,0.139522566555638,0
"439",0.945274572171372,0.0203151856346609,-0.391793073754859,103.020983386385,0.538711263079945,0
"440",0.920452769119208,0.017375262099355,-0.244008888362287,108.193575397166,0.0748919785450725,0
"441",0.917410049380517,0.0185017133136026,-0.23012025870667,105.43158131514,0.0874099627501901,0
"442",0.929562807576952,0.0188754874345602,-0.29294115716335,105.168948298239,0.269208015840726,0
"443",0.956313002223945,0.0202826103094917,-0.476163118280053,104.595351257698,0.678097994927809,0
"444",0.937868231120649,0.0188479639696595,-0.321901190147152,105.474356825539,0.431983239261209,0
"445",0.933493415305407,0.0202515915596321,-0.311779487025468,102.808543278688,0.349951100623524,0
"446",0.946530657064588,0.0168054180508957,-0.352868472507832,110.38988625351,0.586152312343532,0
"447",0.945867911261254,0.0201826411307971,-0.399988391076963,103.561851762124,0.54704089024582,0
"448",0.93711300272534,0.0201860379276803,-0.332161348808168,103.427869204488,0.414977787661045,0
"449",0.940087696804134,0.0191273056023483,-0.371915944360241,105.653888363247,0.469186163495124,0
"450",0.947567380466775,0.0169697992045125,-0.327965353600039,109.859203121758,0.599693795674336,0
"451",0.9181494973222,0.0176390740522153,-0.381545401975349,109.177182966044,0.095604389822241,0
"452",0.951492185651795,0.0156246080162512,-0.385767345982042,114.022445501635,0.66435112891865,0
"453",0.933821088926731,0.0211022060880272,-0.343559344641347,101.064199274677,0.356553146970246,0
"454",0.920849820620602,0.0194073500908212,-0.260398384343955,103.204956823225,0.104876131170524,0
"455",0.952866426571867,0.0186680348298655,-0.590451655780394,111.136756469544,0.643646184701313,0
"456",0.931422772326249,0.0196483013144153,-0.293299855977075,103.398350941537,0.309537470827053,0
"457",0.970601218951308,0.0236693712149351,-0.805885870036663,107.505893926621,0.783971481137133,0
"458",0.922886350512262,0.0164480811170246,-0.213297228265963,109.842735272391,0.127058749315965,0
"459",0.92869352184825,0.0211982208613898,-0.361105063024823,101.392018333943,0.263610508264739,0
"460",0.961909293663015,0.0178920845410043,-0.473290118467127,109.938701988012,0.766474203480188,0
"461",0.95036630367313,0.0196265328313268,-0.407451837136534,104.750724991549,0.613008093564274,0
"462",0.942968935675546,0.0171273334134507,-0.307134831293151,109.587427155947,0.531416563110445,0
"463",0.790002886261953,0.0230771815129444,-0.146252997451096,95.2776004023034,0.998746092136404,0
"464",0.931176449732292,0.0195818481464045,-0.288646147631374,103.32819054977,0.304555889623224,0
"465",0.941168050563064,0.0177355297296357,-0.465222135514628,110.227603317737,0.493293930935734,0
"466",0.962946157790751,0.0204093771417718,-0.554173604344881,106.311595880225,0.75238170158164,0
"467",0.9211337649133,0.01559671555237,-0.236662668230285,112.637000550808,0.100281725920624,0
"468",0.949046373629303,0.0200669798629525,-0.548144090923253,107.232919599502,0.588189584265817,0
"469",0.94683369743074,0.0192984111403368,-0.370794256516654,105.285215252568,0.567273626369637,0
"470",0.946450010183608,0.0193952021744318,-0.475092381222132,106.792010937477,0.55720845349275,0
"471",0.938862370105868,0.0179086689756809,-0.327829116847034,107.877443505634,0.453749599822945,0
"472",0.96771654042129,0.0164762049435608,-0.639932377817983,117.868124025979,0.824893871521115,0
"473",0.927339834899366,0.0181174930580252,-0.378037041272821,108.166965075716,0.21960845155385,0
"474",0.919744200860172,0.0229060180952887,-0.363786920690814,97.8505299366275,0.117604071312486,0
"475",0.926331253050878,0.0183638420851617,-0.42508041565242,108.153103924535,0.198699669801571,0
"476",0.924735187097898,0.0185897806491406,-0.261441206788706,105.878032146133,0.169625180140395,0
"477",0.954178097805014,0.019411162683211,-0.454101215931732,106.381320117041,0.659003678945888,0
"478",0.949387690292953,0.0172991852996334,-0.348779611954291,109.159765487622,0.619346602345003,0
"479",0.899034252850397,0.0170661897895807,-0.194165416073753,108.848398275105,0.435745929610254,0
"480",0.941295277360044,0.0170275909176839,-0.302662965088953,110.184475851055,0.503506611078745,0
"481",0.941097825538001,0.0212491911341754,-0.40160989566131,101.200448348702,0.474758488048826,0
"482",0.935969206588415,0.0201069498093539,-0.348855740290065,102.881132923254,0.394955063818063,0
"483",0.960223561779076,0.0200583180280885,-0.555984967810793,106.976828806174,0.726006692419708,0
"484",0.921386243809555,0.0136840995416338,-0.234944587786398,117.622360694653,0.122589941795462,0
"485",0.924871468488846,0.0205573367686185,-0.346471309862027,102.00846934247,0.18729319195236,0
"486",0.900535880932689,0.0201871579683025,-0.217882703854945,101.457358539681,0.384766240840385,0
"487",0.935804522303589,0.0193458755670798,-0.407830836503637,105.910576226659,0.392820441978477,0
"488",0.934092557692391,0.0135964542985013,-0.302029072322572,119.295126664005,0.379405520145493,0
"489",0.969820731191683,0.0183584290770634,-0.62436342217786,112.280373790426,0.826544087162605,0
"490",0.947821637426204,0.0156082082473689,-0.30996893612871,113.423122830604,0.618257433662237,0
"491",0.885217608029784,0.0196005575727104,-0.201714437643462,102.964438864936,0.6566498187798,0
"492",0.930407104799775,0.019197304744068,-0.341816107877815,104.882802452851,0.28738292287408,0
"493",0.92465667996081,0.0185090390264326,-0.264157767601658,105.494177802536,0.167029146957199,0
"494",0.925858380085155,0.0169025559848219,-0.242615290334559,108.951105225862,0.182966794868354,0
"495",0.186993914428296,0.016887986961733,-0.438219154539337,111.684823687872,1,0
"496",0.942433248360784,0.020708700301793,-0.36020249498954,102.296069197949,0.497738607845208,0
"497",0.946873119119541,0.0192734923332604,-0.522617559398211,107.994598619252,0.562671334275161,0
"498",0.936845321393475,0.0180631551042338,-0.287866146532909,107.074681095706,0.415030589688298,0
"499",0.923198481138105,0.0168195225527868,-0.409864601027149,111.158761613392,0.123101558406776,0
"500",0.908857814158564,0.0216518147202936,-0.484753214344278,102.520973650664,0.238539212354947,0
"501",0.936903049394924,0.0161932886902853,-0.2614023510713,111.16360165462,0.421414971853171,0
"502",0.926939731552161,0.0188654436507145,-0.272389331029569,105.153216109076,0.216210242316851,0
"503",0.929350977394167,0.0210847441202229,-0.35868546073169,101.621223424603,0.275293125725155,0
"504",0.950158256634231,0.0213401615774532,-0.471571269852523,102.268303739651,0.596889888430593,0
"505",0.918507767082459,0.0211586251810288,-0.579483926494451,105.650384970514,0.110577688938863,0
"506",0.921957042568741,0.0192675083581538,-0.247569675833898,104.466982945908,0.124655921838101,0
"507",0.959784571146917,0.0178537051519925,-0.502143057167195,111.351673452442,0.740421231508949,0
"508",0.937967353042303,0.0192643171680557,-0.42593950639852,106.231953435081,0.431933627996196,0
"509",0.92096816120843,0.0194623540078507,-0.246260807160044,103.638248915371,0.109055671609595,0
"510",0.891039005710508,0.0179940863565217,-0.169936000050625,106.231674714826,0.581110497462717,0
"511",0.950716042855427,0.0201376661024562,-0.409050080222395,103.933108074845,0.61392016069572,0
"512",0.947015543796481,0.0199280254749821,-0.380489692446252,104.311381066813,0.564164149557062,0
"513",0.951937624582649,0.0207461508448619,-0.437481496178577,103.122071034188,0.623814896638065,0
"514",0.950890912072138,0.0203405473974033,-0.417394474708647,103.890931574956,0.614451618161663,0
"515",0.931280093942144,0.0206857770260793,-0.336639221941974,101.890056570866,0.309782538599817,0
"516",0.934125057681323,0.0194787397283719,-0.302756691929203,104.372441738663,0.361213561265334,0
"517",0.881116603842915,0.0145812220307587,-0.184430771146848,114.858224084543,0.79957279746894,0
"518",0.957807388825082,0.0202455582426626,-0.606918394893583,107.759898230557,0.694285693403351,0
"519",0.9491961959055,0.0238840732212455,-0.47340474616838,97.603389589322,0.571273233200585,0
"520",0.948792004454002,0.0191437860603609,-0.461823511285543,106.633857415677,0.592935442417144,0
"521",0.93943072834391,0.0177209927313612,-0.29386667767848,108.345613200074,0.4655161288533,0
"522",0.953237678571113,0.0189573040356561,-0.426513025513487,106.985382122169,0.653491406760475,0
"523",0.940133075113208,0.0193917785274365,-0.427228367395723,106.11367092674,0.467995298267775,0
"524",0.894287289300871,0.0200626433793473,-0.210547758581205,101.626492296954,0.50089767282468,0
"525",0.930533134411239,0.0187689791545312,-0.283410765876389,105.925215509872,0.288595429766332,0
"526",0.924054063231151,0.0206873410545762,-0.289918569608156,101.375203252711,0.17595949782226,0
"527",0.931678362416791,0.0200105462999158,-0.318732568185667,102.658522822663,0.315410480649762,0
"528",0.920388529808463,0.0170710627368602,-0.238199946911538,108.851818695582,0.0755775072472487,0
"529",0.949558908253435,0.017629830848688,-0.349911175106088,108.561745204961,0.619122799428129,0
"530",0.94370011020956,0.0174237574274514,-0.401434837094948,110.33095736778,0.537537048930183,0
"531",0.93865252488039,0.0201668531588365,-0.344835389463477,102.499617390367,0.441222680093362,0
"532",0.932002319977997,0.0206613588387945,-0.346406370527172,102.260028153942,0.323052032934358,0
"533",0.919988596416404,0.0210609061842306,-0.273879032987194,100.115280713974,0.108875762917399,0
"534",0.883525567211898,0.0145704671403596,-0.189084259574883,114.954841979469,0.769971184389651,0
"535",0.961453245913251,0.0195998411394279,-0.570960346173804,108.611863663382,0.742307855320512,0
"536",0.955646466766867,0.0153022726950022,-0.345007573443028,115.443491210756,0.720959812109169,0
"537",0.963655811896685,0.0162297056542332,-0.475358852741959,114.104812909952,0.800333177241458,0
"538",0.926702637126291,0.0167930330952819,-0.256153685521276,109.613967100536,0.201337948983989,0
"539",0.957631135869688,0.0202819444190507,-0.484173050642837,104.81389099309,0.695504458007822,0
"540",0.956068144222762,0.0174708116541809,-0.426511598446542,110.310759202247,0.697660002727747,0
"541",0.947228756442997,0.0215278686757341,-0.452100608254573,101.602202053938,0.557453325161341,0
"542",0.952637560137644,0.0151650992953123,-0.446276328252632,116.092163964672,0.68085982310074,0
"543",0.949125252475816,0.0183094242859081,-0.387861121743287,108.106279513947,0.605938966534706,0
"544",0.914915460855093,0.0186184744056781,-0.226868174366796,104.835723275505,0.124569452063209,0
"545",0.938702773572802,0.0195247960870281,-0.333234204461501,104.668687813559,0.44439509231177,0
"546",0.931805786980272,0.0157999578754709,-0.253557791692234,111.95691650161,0.316335136293426,0
"547",0.945651569508545,0.0190763863156654,-0.580792324840984,110.058590972979,0.54560141047326,0
"548",0.913891526727714,0.0178250505183481,-0.222444474910646,106.668788867232,0.140842476517287,0
"549",0.938118006920278,0.0197367043260779,-0.334863704145234,103.955393568628,0.433575867030655,0
"550",0.962017104356806,0.0204572748926557,-0.565081014358449,106.218746512308,0.742106348959453,0
"551",0.926647885097613,0.0185495102365569,-0.269706010428706,105.567737272689,0.207674346987305,0
"552",0.945844375140348,0.0171966265035161,-0.320012087708693,109.8346187928,0.574557504136983,0
"553",0.910518991081566,0.0186136000131417,-0.214147199645176,104.720411549447,0.197591693960632,0
"554",0.942139134046316,0.0196024493060692,-0.357443919377982,104.371417403727,0.499705862453659,0
"555",0.933935276610806,0.0175228095080268,-0.284333998927358,107.759318434213,0.356187943348787,0
"556",0.924486342095669,0.0158671650621222,-0.24193683786298,111.847398448192,0.159185013490669,0
"557",0.914302707338526,0.0214473492269434,-0.253467789053793,99.865161197189,0.153903920139447,0
"558",0.950192742391818,0.0206563947037683,-0.419911270549441,103.003597992532,0.603230610115315,0
"559",0.854363514483059,0.0171426020085636,-0.169801495521386,108.308688433438,0.9347092721716,0
"560",0.955310104095146,0.0215522654518835,-0.486219185213031,102.671916495164,0.657231603656412,0
"561",0.956907730418081,0.0203292011840235,-0.471937571272714,104.529426672281,0.686002063974971,0
"562",0.956424513047618,0.0210541110545283,-0.496466974693492,103.262951130524,0.674644240932805,0
"563",0.954385599934245,0.0192742857066639,-0.422831003525793,105.987297366738,0.664104621083145,0
"564",0.947848599568088,0.0156586863451596,-0.301316461894101,112.894651327222,0.618631683243863,0
"565",0.951155173055942,0.0219695492923904,-0.478265714849845,101.868941309112,0.604994449690868,0
"566",0.944448704931729,0.0171059953932134,-0.312098721513431,109.562894824854,0.555056222402538,0
"567",0.90833465475479,0.0182306546530665,-0.290338426670568,106.913474978892,0.244984818355215,0
"568",0.938987665092421,0.0197141379455485,-0.347175196464846,104.120268947362,0.448450168257204,0
"569",0.933075667197779,0.0206527647642184,-0.351381524192837,102.281070333335,0.342730312803536,0
"570",0.939006732475393,0.0196028604106292,-0.328326777991699,103.8831645422,0.449349588273976,0
"571",0.959437054830492,0.0149767311571821,-0.369221986240957,115.726710024401,0.770912885790055,0
"572",0.943249815060871,0.0184850234090973,-0.412502636842286,107.4878266632,0.522416764906426,0
"573",0.940097190204362,0.0203704175393614,-0.36778942713176,102.923031212297,0.463765837092589,0
"574",0.946409419387624,0.0183165506690519,-0.360020830991806,107.805463599342,0.570409250579971,0
"575",0.944567528793119,0.0186994590197123,-0.345659269345331,105.629306737671,0.542375494721392,0
"576",0.929998655957511,0.0220484904909842,-0.322377249216627,98.9657828969017,0.291320159672821,0
"577",0.921353548515912,0.0182186547041015,-0.251827166653998,106.244666827359,0.0991568721192823,0
"578",0.933655028133249,0.022005932287988,-0.334652311014302,98.9337224807623,0.354308732257023,0
"579",0.9533666968164,0.0248172058689127,-0.552025125903367,97.5834894221293,0.617917291635383,0
"580",0.926382396421608,0.0190506758407236,-0.308161494286377,105.812801286153,0.20523066494238,0
"581",0.916338881347648,0.02093639765471,-0.266721556032032,100.636421526674,0.122986397783439,0
"582",0.894202348746929,0.0190704597647935,-0.202145841898555,104.061028567581,0.512236668068539,0
"583",0.955499035085485,0.0196312776921998,-0.446992564487833,105.861759670943,0.671622356944446,0
"584",0.903900965398902,0.0159053882093876,-0.221488423565748,111.750651311697,0.361497452890867,0
"585",0.927071684447162,0.0194822080654352,-0.449090852725969,105.923213215957,0.218212619079662,0
"586",0.928442672762962,0.0194731884952996,-0.280121918279087,103.637992158255,0.250439025491606,0
"587",0.921970180648782,0.0165932183523632,-0.313938541439777,110.792178968408,0.106550681888154,0
"588",0.935723332961259,0.0188399748649908,-0.301896786152963,104.89915024878,0.391942680498184,0
"589",0.871323822390903,0.0180139846194701,-0.139994713606207,105.896343733828,0.82268767110223,0
"590",0.962447756324618,0.0204835223755777,-0.545467338572274,106.517037930452,0.747266728718037,0
"591",0.946047650887937,0.0193571813647327,-0.514906651885984,107.278313062414,0.550928707187896,0
"592",0.932199127323747,0.019468957370466,-0.289716097973586,103.875889594122,0.324136832960213,0
"593",0.952342185874302,0.0198553334828056,-0.489572153142791,105.857933013719,0.632934912907221,0
"594",0.93287670865691,0.0188462508446348,-0.300080877496226,105.696568861565,0.336154660255128,0
"595",0.942317984645384,0.0162143239414492,-0.284594033211815,112.067572074103,0.528521416539806,0
"596",0.93886179936248,0.0203152464297461,-0.336876272170522,102.972250812781,0.444251666246815,0
"597",0.939102943499791,0.0204761188322806,-0.347725696554597,102.825509164118,0.447561526410097,0
"598",0.960189087159864,0.0169854091648756,-0.623828550761484,115.734668400585,0.746960944324405,0
"599",0.918436641219599,0.0165513574990866,-0.203376316264844,109.627123819878,0.0627200822695173,0
"600",0.934854201498429,0.0193644538003994,-0.311196162251842,104.780953104666,0.375035056717832,0
"601",0.946025063947043,0.0193359587202839,-0.455699398778789,106.267553302709,0.553106964760828,0
"602",0.921041561194386,0.0186465563901404,-0.262627073537389,105.560382522869,0.0980672809229373,0
"603",0.953195870266869,0.0145448434092055,-0.310760333632534,114.641360927425,0.703892703746353,0
"604",0.964566195003676,0.0153533637327849,-0.447692178529855,115.928616831848,0.819745724667332,0
"605",0.907772937287426,0.0173418435034291,-0.195459753634605,108.3603114061,0.258785964835787,0
"606",0.929238955960271,0.0183543528083672,-0.294619294909707,106.312488208414,0.259634434150763,0
"607",0.954073144093551,0.0194424712134323,-0.42605261173555,105.300179683321,0.659073082899083,0
"608",0.952548888140074,0.0174451071440612,-0.37152563769314,109.348002025592,0.661283914790658,0
"609",0.934184446729662,0.0212557764311339,-0.384272818301808,101.171051990623,0.362997014066525,0
"610",0.971309990461376,0.0228276334777174,-0.804056096137426,109.045293023594,0.794119876035308,0
"611",0.923087776436007,0.0204952172408386,-0.30504138679043,101.3252240374,0.155361167706782,0
"612",0.93549447605026,0.0189007857224733,-0.307820260373024,105.714481127295,0.387493597642741,0
"613",0.955299557116409,0.0203171870195701,-0.454518733500657,103.802429228319,0.664141872424292,0
"614",0.941211026781158,0.0208998678821037,-0.359636917799872,102.049800701728,0.478672986832685,0
"615",0.911930257708281,0.0162445310921617,-0.203700517539919,110.822453331509,0.201218109900983,0
"616",0.957110982791343,0.0191268479651345,-0.45349162958785,107.07816584076,0.697238475496757,0
"617",0.962372366282545,0.015495683931275,-0.483802163718573,116.142479316617,0.793932547253932,0
"618",0.902462384850413,0.0183382433616844,-0.303797344450084,106.944676860896,0.359300506174181,0
"619",0.919610352121864,0.0204294865117662,-0.306135643561126,102.377235627506,0.0912247889737478,0
"620",0.933819567036392,0.0172090197718908,-0.267474213566959,108.905895665552,0.35365287860395,0
"621",0.95032126548984,0.0169303599404422,-0.345051426244582,111.061833167685,0.636787298840491,0
"622",0.946691184998971,0.0199989406370974,-0.380064817093253,103.581084548355,0.559612206176746,0
"623",0.917529041391346,0.0184143451258623,-0.238411493257154,105.80723601073,0.0854281058844797,0
"624",0.93006153058091,0.0190897188318652,-0.324021582807427,105.01710454728,0.280068540269962,0
"625",0.914118233791068,0.0177495555543458,-0.472147782169646,110.136773577623,0.166376251913312,0
"626",0.921372681207422,0.0166308224597375,-0.258582107824236,109.7680338333,0.0966530933407569,0
"627",0.926960800449331,0.0195374717853652,-0.408759281242746,105.250362626732,0.217661599644481,0
"628",0.955867852967104,0.0184864320716368,-0.469800505140145,108.950582933928,0.683675022734294,0
"629",0.927836343873744,0.0178086394508755,-0.254665817112594,107.553371434704,0.229687766074747,0
"630",0.949946183415897,0.0199228424422057,-0.445526149028122,105.065592118974,0.604053760939932,0
"631",0.932379917278161,0.0192887670904541,-0.386471571598586,106.512414878367,0.32700028835263,0
"632",0.935084938335513,0.0183243952683967,-0.381621203223752,107.659162327499,0.379901430084608,0
"633",0.952230659448389,0.0212649066072612,-0.497180586323857,103.431386587455,0.621382205373679,0
"634",0.917969246620027,0.01964394356448,-0.251324114927616,102.934950213308,0.0909281279495402,0
"635",0.96770607711819,0.020580885896142,-0.637450635197848,108.140206711629,0.791267790880621,0
"636",0.90455302853133,0.0176352803719976,-0.187656947055025,107.003283407327,0.316843069423721,0
"637",0.955625102224411,0.0173634864916244,-0.408480998584028,110.453914921211,0.695358080382076,0
"638",0.787307493595178,0.0172898924184758,-0.0812905597190267,106.969321600975,0.999641569334932,0
"639",0.949073115185727,0.0223365575249783,-0.461769109585869,100.507715542512,0.577753734461729,0
"640",0.934705359869478,0.0207005314254112,-0.36529073153596,102.32314222916,0.372086453046106,0
"641",0.95016932383921,0.0188138170833863,-0.388385721631159,106.08337338867,0.617046717127184,0
"642",0.943631496257937,0.0193630526758282,-0.445313746621813,106.673371401899,0.521073040204248,0
"643",0.915971910659173,0.0198203269575218,-0.246250791813113,102.692405241073,0.119092094158267,0
"644",0.952659354521098,0.0154761955991499,-0.375852938473935,114.641653367818,0.682175063932682,0
"645",0.953114208627812,0.0172428805156563,-0.367837228919365,109.690701572136,0.67051179243653,0
"646",0.953178519017208,0.0209514982540434,-0.459701536336323,103.06098745712,0.635834039994374,0
"647",0.952823552891425,0.0140908952141289,-0.298685005341471,115.220332189206,0.705363021298315,0
"648",0.947534513891102,0.0195151485599736,-0.445741075378549,106.109995994779,0.572707361668968,0
"649",0.951927166402739,0.0180843028535297,-0.386158375033334,108.073008539012,0.646760907388891,0
"650",0.912557049409961,0.0131478837775574,-0.205291125342551,119.291080123971,0.251885391962742,0
"651",0.933952920731868,0.0207434312626224,-0.351957443930612,101.804522750629,0.358678427139298,0
"652",0.959716223115238,0.0190376891963076,-0.472589481628129,107.075587547434,0.731242576471465,0
"653",0.964253128204146,0.0203847831929398,-0.60059564465203,107.33343502366,0.762530096046684,0
"654",0.94268114154547,0.0178140562165124,-0.321183301559227,107.960739963466,0.520969147833359,0
"655",0.938707816580818,0.0199032700989988,-0.332031389271282,103.374159855587,0.443143762752764,0
"656",0.921778312703896,0.0185309202911645,-0.257914930652357,105.771861065727,0.111007010641268,0
"657",0.961478529391333,0.0165952909165741,-0.4308062743785,112.348678630628,0.776239799767521,0
"658",0.893124048222512,0.0213744237533782,-0.246597612680681,99.388850536371,0.510585156467795,0
"659",0.951783231386025,0.018382407762998,-0.436591225624211,108.549123120188,0.639997018251895,0
"660",0.949279156578545,0.0230375808782928,-0.501095243814006,99.9040817914944,0.57581655148843,0
"661",0.959879861482844,0.0202690868104399,-0.505925656805527,105.622654509734,0.722575553913038,0
"662",0.954010442436124,0.0180262584411535,-0.442111535070117,109.434358759834,0.669597344104722,0
"663",0.959125602399831,0.0176745084519907,-0.483096149380758,110.74201819906,0.734489245083444,0
"664",0.938326088838591,0.0179673275240023,-0.310561309039656,107.361895890686,0.443630601980857,0
"665",0.932929559296943,0.0209223265483446,-0.375479065237843,102.000134291631,0.340426985398822,0
"666",0.925902338081064,0.0218568409938058,-0.297202258077931,98.8969669463463,0.218521663697135,0
"667",0.93558228659831,0.0211298447541956,-0.395203804156197,101.847091096972,0.38715655276155,0
"668",0.946204123253237,0.0197541975688972,-0.432857757564061,105.393897415214,0.553159356890707,0
"669",0.853007460880757,0.0169584546531024,-0.175844949080982,108.932885301054,0.942994992265916,0
"670",0.917400921709907,0.0178774647716332,-0.403751514948623,109.200941788938,0.107644076826818,0
"671",0.946874711817193,0.0169790897330628,-0.357778340318989,110.338325982357,0.588842249700658,0
"672",0.925120883880682,0.0213767978108357,-0.29408269361083,99.7535984728312,0.201120122438341,0
"673",0.897771691289577,0.0183190294601605,-0.319407734003686,106.627121435418,0.455034644258136,0
"674",0.949933743075577,0.0187116216572888,-0.37596328941799,106.478440257445,0.61498465992954,0
"675",0.922971051245228,0.0188435401409819,-0.244973160919496,104.444105819089,0.138904099836036,0
"676",0.943328383318486,0.0184294644808814,-0.360885526688958,107.608345799268,0.525509075101814,0
"677",0.951952757300565,0.0195277645565447,-0.611743997388591,109.413263861067,0.625817569128862,0
"678",0.934776219853167,0.0173978848908724,-0.272693830185417,108.070288470428,0.373936777392725,0
"679",0.941926749393817,0.0173993337605112,-0.447372901900654,111.75693373686,0.508351081152272,0
"680",0.921933566742556,0.0207804489010171,-0.277324564261522,101.054626374298,0.139327166160617,0
"681",0.938731905924325,0.0192541033494253,-0.31955506685358,105.156126601617,0.445999079134451,0
"682",0.917093587265444,0.0180838066998674,-0.221003407373086,106.571093386616,0.0875416848447987,0
"683",0.955827535088911,0.0202932429764587,-0.461779690970456,104.446404182038,0.671625877593634,0
"684",0.939292946573436,0.020243219101713,-0.341288240629687,102.761332252184,0.451579744666153,0
"685",0.9331154219371,0.0210639681947686,-0.345030894409468,101.123133781426,0.343989240348488,0
"686",0.942524726079021,0.0198140627930241,-0.374947943390419,104.3164350937,0.503898640949054,0
"687",0.916004918643297,0.0182389435113231,-0.512851584627798,109.873982374385,0.156124055723851,0
"688",0.915048106989315,0.0177807198752805,-0.231207662742852,106.769247747818,0.119746010155519,0
"689",0.943453490003602,0.0190549461035444,-0.466875759362719,107.059699035092,0.519981812084733,0
"690",0.951651128102841,0.0155209198926355,-0.331567004469942,113.747408039689,0.670781441196721,0
"691",0.935861042031549,0.022273025616989,-0.386006064807306,99.1014260119366,0.390808939077363,0
"692",0.928194913868985,0.0141720055125273,-0.278544753467207,117.427734038157,0.238296799349409,0
"693",0.910466024127977,0.0166376739656891,-0.293092262645213,110.335197092199,0.236149623141022,0
"694",0.947942658722845,0.0168890885501212,-0.435726607159242,111.864666578611,0.598881027142897,0
"695",0.957606553526093,0.0208516051999505,-0.492067152087248,103.843905956133,0.691342732703819,0
"696",0.914183278148072,0.0197465341248264,-0.266169885656783,102.724274570065,0.145227152379489,0
"697",0.947589712755311,0.0185086603304602,-0.39838770300548,107.376320037026,0.581923741164421,0
"698",0.956930449251365,0.0184714814063627,-0.428875646265731,105.728618342072,0.700165042547643,0
"699",0.925972668780177,0.0209453895275932,-0.316032327723387,100.574524359377,0.212492227373245,0
"700",0.931105587995009,0.0182234066891505,-0.410721391221763,108.164509306455,0.297202945660481,0
"701",0.940099842008473,0.019530790033752,-0.407159791396818,104.809266570019,0.467060286488443,0
"702",0.955527973107469,0.0182914040249197,-0.426380713419598,108.906046041973,0.684640756040811,0
"703",0.956096055470356,0.0201130504450978,-0.459218362397079,104.817120509363,0.676515313358254,0
"704",0.933175553003535,0.0171020831128283,-0.260335037524993,108.89316717487,0.341305928632623,0
"705",0.95308577388251,0.016219953416692,-0.346878916477345,112.601746675499,0.68160693248356,0
"706",0.958541728629485,0.0208420014808653,-0.509955279911006,104.110424551164,0.702527205947717,0
"707",0.94375118493294,0.0169142523825139,-0.30154006499163,109.670004782084,0.546173906517127,0
"708",0.956320125580436,0.0205630784457727,-0.505472482016637,104.790915468319,0.67583545729826,0
"709",0.931201185915608,0.0178304823090241,-0.268003582321115,107.56419183376,0.29952102183565,0
"710",0.931289133580834,0.0177620325607661,-0.448113110493027,109.678973133242,0.301229952371943,0
"711",0.90900371417904,0.0221301470095257,-0.24460158730353,97.9039086852614,0.236390041399278,0
"712",0.92020092404302,0.0180242995057203,-0.510235733639072,110.449763577289,0.104614057976815,0
"713",0.940923953642708,0.0195618548118756,-0.343345290655984,103.918827280732,0.481113192173763,0
"714",0.914493993160529,0.0212335419923141,-0.257813883305402,99.5820734467016,0.150023160328912,0
"715",0.957662191343319,0.0258437387078744,-0.81136761801763,104.048892406627,0.659824507062191,0
"716",0.95602549145709,0.0196925053263548,-0.496484054280577,106.623721475198,0.677161333989321,0
"717",0.927280689765228,0.0197745008850869,-0.27412456444875,102.394248617531,0.229884514998857,0
"718",0.950411844297739,0.016107762356182,-0.379497744210424,112.951550923989,0.644296480742747,0
"719",0.911773941434871,0.0182286219712125,-0.412580071076303,108.359191145901,0.200399151055597,0
"720",0.95438412929181,0.014657306563152,-0.321320330485413,115.591489445091,0.716148245820475,0
"721",0.866602229972082,0.0173303539094129,-0.175424840388606,107.654276711384,0.871474556689634,0
"722",0.950704794478824,0.0178618977709429,-0.488412407957378,110.181928977453,0.627981348622813,0
"723",0.942513329121344,0.0195408406250412,-0.353937902669918,104.269043283354,0.505862583182375,0
"724",0.929456279534842,0.0220966177117632,-0.348302981128216,99.2880506394985,0.281727858138065,0
"725",0.95638933027106,0.0175217544163795,-0.427071876503808,110.166116053312,0.70033698868887,0
"726",0.952032607308001,0.0161549172817386,-0.415189128665502,113.111930985375,0.664627085821834,0
"727",0.855343362747325,0.0192942006090205,-0.171415985270869,103.253538704134,0.907245149623219,0
"728",0.959859749287226,0.0163879838234011,-0.426975227071954,112.844644872097,0.758574204802945,0
"729",0.891566159830136,0.0181070791984581,-0.464580500969113,109.3123484858,0.608583601064417,0
"730",0.940137630846327,0.0188955987797975,-0.383465832234276,106.81859413961,0.470996542104958,0
"731",0.892223738254275,0.0201424515524321,-0.18872984811794,101.303881957223,0.534917466666754,0
"732",0.919246784034228,0.0176034221988341,-0.254502844942581,107.774680510069,0.0562794899074054,0
"733",0.928270176666552,0.0193115893119537,-0.38522270090849,105.879709055202,0.243695978812437,0
"734",0.930578006695808,0.0168424018568047,-0.330943281488794,110.39131970811,0.287529174737756,0
"735",0.963268631029642,0.017536792220069,-0.532075237046582,112.494383282024,0.780468066206749,0
"736",0.972627110445407,0.0185791501096439,-0.684559027237231,113.937008538389,0.840073366238459,0
"737",0.958294260466563,0.0246194418141227,-0.592803022817098,99.198779344666,0.676349482658458,0
"738",0.97136635148881,0.0182952329572547,-0.65095624681495,113.246432993555,0.83635861121783,0
"739",0.923055801395027,0.0182183079989051,-0.30508908295012,106.389169400185,0.129526571959812,0
"740",0.949314291697857,0.0182005140701743,-0.385843395309647,108.34508994531,0.609623373722845,0
"741",0.960315621194106,0.0150208555092091,-0.378508017282202,116.522972401678,0.781643014109946,0
"742",0.954013031490719,0.0197364608674477,-0.538478395944308,106.870990985412,0.650358873230463,0
"743",0.927314628508092,0.0221905166872205,-0.315704006621654,98.2393228445866,0.245017342064986,0
"744",0.929885495976044,0.0233262200574673,-0.351232714027357,97.0847680756989,0.293625217100512,0
"745",0.9617991319184,0.0152147826852747,-0.45694642676235,116.891988447156,0.792354530805526,0
"746",0.920619073745544,0.021099466423097,-0.291729173944719,100.572481160661,0.118609680376081,0
"747",0.925289240743681,0.0154687824849595,-0.306303359079623,113.551298544388,0.173236274842243,0
"748",0.950782310843474,0.0175697544130248,-0.36558077360748,109.223634673277,0.636763376435143,0
"749",0.930665417320072,0.0186490193291572,-0.293549276037122,105.737662901562,0.29068919338712,0
"750",0.961423471143049,0.0187936549128516,-0.49805005428267,108.397610305966,0.751978780390176,0
"751",0.92728190326966,0.0185714128213101,-0.275164948547845,105.536750218601,0.220704582339065,0
"752",0.918417400448762,0.0163630252731371,-0.231543215102188,111.636755267422,0.0705286866934591,0
"753",0.945071123541814,0.0178522864110657,-0.411483122048609,108.971959644642,0.553791212235514,0
"754",0.936318371572482,0.0202080546354425,-0.348655725377621,103.306609268369,0.401006491588495,0
"755",0.948776536207911,0.0196517582935623,-0.415249055844113,104.917180241083,0.590662410158971,0
"756",0.915990022141819,0.0204566201800252,-0.266263137199549,101.258506234281,0.124280589554459,0
"757",0.936739035386911,0.0160360743896091,-0.264331846020181,111.978579937241,0.418299178578357,0
"758",0.955940680098433,0.0195724076754829,-0.444606815464717,105.358401669692,0.677963741231821,0
"759",0.958783152703056,0.0180178813412322,-0.503398207509857,110.150535764781,0.726314770421106,0
"760",0.957568072246093,0.0162045841158812,-0.381896015121086,111.461592373205,0.730348058090362,0
"761",0.935436453942573,0.0222174285575898,-0.351120773610676,98.7069394076234,0.383971941596789,0
"762",0.954647526122498,0.0177307331887738,-0.468287653994701,110.33725794089,0.677776357719737,0
"763",0.939003793388583,0.0209036604456751,-0.350139806422604,101.364120348919,0.4444534846231,0
"764",0.904118137043936,0.0146209786392064,-0.329739092471017,116.199830735039,0.399586702808294,0
"765",0.907600637271442,0.0193135781771381,-0.210223446652211,103.386753912816,0.253271336955769,0
"766",0.915510883917587,0.0206715867664928,-0.26527271222538,100.560279602377,0.132355550431151,0
"767",0.952748734926738,0.0205409842956929,-0.442193020640048,104.018730437435,0.634666228685634,0
"768",0.939820792875488,0.0208584509655665,-0.360780113748011,101.567095609081,0.457483166777005,0
"769",0.93506068178726,0.0225135276203341,-0.364190459939127,98.9379275336167,0.377715076550251,0
"770",0.927038143664297,0.0202789310855688,-0.325640628426141,102.337872861077,0.227390873464618,0
"771",0.948484153595204,0.0213679947202383,-0.423327540037325,101.429540279755,0.576122764606996,0
"772",0.954591196904917,0.0204402918218919,-0.463092106124778,104.428043946369,0.654867197177465,0
"773",0.926432391423446,0.019830384820512,-0.314195334229854,103.041858045301,0.212564506924888,0
"774",0.939824462661693,0.0200809619989616,-0.360379018793371,103.108984469369,0.460707486260782,0
"775",0.932484285360155,0.0176695068867014,-0.263370003098672,107.556093326819,0.325599379600831,0
"776",0.926027960313933,0.0177200775485847,-0.249894334508981,107.371741029588,0.190822051858178,0
"777",0.93837177480562,0.0178163600682526,-0.289094232336659,108.530997875588,0.445250032343798,0
"778",0.949398065209628,0.0196713190713729,-0.445904413772501,106.076677865458,0.598333162737939,0
"779",0.823355722547126,0.0155635611416887,-0.152195631899242,111.977297983541,0.998695577138354,0
"780",0.905658874499459,0.0190950982624258,-0.202440234855774,103.91511604978,0.28955044595941,0
"781",0.938569143801764,0.0203138892390305,-0.345797679582482,103.053702155011,0.439339488563829,0
"782",0.935360685061866,0.0192375414838156,-0.298692189840766,104.181035130754,0.384673381453418,0
"783",0.955213102502525,0.0157881907952913,-0.377153265384741,113.708873219726,0.708871101625663,0
"784",0.93009316652196,0.0211401292243212,-0.430013020511629,101.954140700293,0.288601486468603,0
"785",0.93675071758565,0.0167088266525496,-0.264174248475249,109.487160995135,0.416652955478789,0
"786",0.964153163137985,0.0155090794141088,-0.497344862231055,116.396805756501,0.810721841492439,0
"787",0.933637204982063,0.0195202484138315,-0.311164276375481,103.843458566307,0.351937673997116,0
"788",0.922058983059049,0.0176571260627859,-0.353086670430587,109.327593363761,0.101018260494032,0
"789",0.804430488037108,0.0179261099530863,-0.120818535747057,106.296342983933,0.999000366508206,0
"790",0.948462422893972,0.0201854646319852,-0.397357905882958,103.398994619653,0.583300169435344,0
"791",0.956003917184278,0.0196871434735198,-0.547155514135298,107.295045526903,0.675676831338476,0
"792",0.946797001208783,0.0176182251712324,-0.33426552956504,108.687272858949,0.583048042442348,0
"793",0.932948659477101,0.0169146150501695,-0.276207389430621,109.54453741405,0.33729808034289,0
"794",0.945291331766885,0.018419381291363,-0.415317089274553,108.602554768993,0.552103355271757,0
"795",0.942849834824603,0.0195911015384669,-0.37312846244666,104.579640285149,0.510147111025191,0
"796",0.953508929093799,0.0191228702413109,-0.429182542374379,106.214821002584,0.655137514805638,0
"797",0.950318660292414,0.0206994511928178,-0.418101507417784,102.857738057916,0.604640345266727,0
"798",0.905874426124946,0.0155959937856822,-0.206847468580735,113.079632309144,0.324569397521925,0
"799",0.924951751035111,0.0163212835865701,-0.264334886312997,110.767998237066,0.161289500823266,0
"800",0.956256160665073,0.0166065921814918,-0.379632711426649,112.937164735797,0.711151182897164,0
"801",0.952822217106152,0.0187093149699961,-0.403291490296485,106.921721076739,0.651788256440763,0
"802",0.934377806841249,0.0188593819633135,-0.41780334929588,106.85234796388,0.365870997244107,0
"803",0.894284372937505,0.0189766137214617,-0.212799034211682,104.944610823662,0.512390961068517,0
"804",0.948040609961666,0.0199576822222359,-0.389393279743336,104.39140661691,0.578795345257673,0
"805",0.880982349515143,0.0189143958735596,-0.523227495217333,108.475195413646,0.817005798461281,0
"806",0.921515248545898,0.0165166143084795,-0.210848284395432,110.145225817369,0.101260440706237,0
"807",0.902581430680911,0.0155392212075953,-0.159682455499218,112.488225132344,0.38430601839545,0
"808",0.935598269401177,0.0193854372802658,-0.378111483463953,104.83979598493,0.388969749232596,0
"809",0.948813062473233,0.0212728341023102,-0.463298005866144,102.226287148162,0.580136011302379,0
"810",0.94964298007818,0.0178351750797107,-0.40682785134214,109.130793044339,0.616555212217504,0
"811",0.947543837932009,0.0224600387427507,-0.586692233834052,103.358446137707,0.55513433758236,0
"812",0.94054911699508,0.0168160230395174,-0.282856156952124,109.363764787778,0.49174073025359,0
"813",0.945962797546703,0.0186287064109619,-0.359463174232881,106.34191959739,0.561845061350999,0
"814",0.924641468076981,0.0159685588135647,-0.395147113303846,113.417142805837,0.15400885610212,0
"815",0.937115960487669,0.0176689604898832,-0.362603059591445,108.752680100401,0.421122774073767,0
"816",0.962697486205568,0.0163851212243749,-0.456155379364018,113.399274882533,0.790277758366463,0
"817",0.91658020038585,0.0186229818798835,-0.265792856694006,105.08670487344,0.101733671860937,0
"818",0.932052362354247,0.019559399780325,-0.28818728392753,103.571761935918,0.321515009913842,0
"819",0.950314233969615,0.0214626870294921,-0.453063909823258,102.059132983259,0.59864632576038,0
"820",0.946814995151399,0.0198204584969793,-0.432648559719127,105.208915194734,0.560451485277903,0
"821",0.939587969550144,0.0201070726818656,-0.337439575688466,103.146845095592,0.45698396408514,0
"822",0.919545534868156,0.0165722722207115,-0.233972139233071,110.428978034875,0.0620336262530714,0
"823",0.967796002071072,0.0189468453360129,-0.627365574529034,111.35768433869,0.805212267562739,0
"824",0.920724041513468,0.0216134273714761,-0.290468782957739,99.3753585451744,0.126314452219003,0
"825",0.944217635734791,0.0193385029440597,-0.448445363042768,106.66997978757,0.529354151608556,0
"826",0.952960595405221,0.0214370327216583,-0.493256002855414,102.869113463237,0.62859648317092,0
"827",0.916400301141546,0.0214647118033479,-0.263406775217164,98.9560694166708,0.125702119346289,0
"828",0.915266011872662,0.019863898768695,-0.236591542737885,102.343280431788,0.129145536579919,0
"829",0.949590513646192,0.0205370892001243,-0.407405246654891,103.648159718973,0.59642380352842,0
"830",0.963617433299745,0.0232262126836926,-0.643137288969401,103.19944467072,0.735480733963343,0
"831",0.931844214151828,0.0208841959816326,-0.36668768547208,101.655002070877,0.32060464272863,0
"832",0.961315193328996,0.0223849595868978,-0.59988375279496,103.310627016746,0.720346382411043,0
"833",0.945326150893623,0.0214898147283226,-0.447491607931279,101.750598879502,0.530255136529797,0
"834",0.918901051797537,0.0195721560274322,-0.258084435669816,103.147023518397,0.0789019096465953,0
"835",0.943073073269402,0.0191934988023828,-0.344716339901398,105.239488787831,0.516790487235042,0
"836",0.927569571772509,0.0216963936400005,-0.389896709653999,100.697706474613,0.245082824275245,0
"837",0.949420794760157,0.0191509679954919,-0.402909072724904,105.934880346943,0.603569254682906,0
"838",0.948987210111236,0.0186673164834952,-0.436789424494258,108.482875850296,0.599750643245881,0
"839",0.96757897203955,0.0168960670507964,-0.525937842361875,114.032804137258,0.827603218423427,0
"840",0.939546731877337,0.0159585217476356,-0.310971478803821,112.540503746644,0.477392991436087,0
"841",0.956451810338972,0.0203221589554475,-0.469585088996884,104.273654957362,0.67992841671746,0
"842",0.921070063679176,0.0157852314937997,-0.237761054718849,112.024040889176,0.0975379702080412,0
"843",0.953746921671766,0.0175087385105935,-0.390487311575401,109.26643339056,0.674301687006656,0
"844",0.939228478128052,0.0204433564486433,-0.337633396999209,102.66015335677,0.44980771061555,0
"845",0.952783121960502,0.0190621213395993,-0.432082769494195,106.550403914662,0.64696192037953,0
"846",0.942790488277951,0.0203131715464868,-0.358450006315492,103.263250608616,0.505238462434572,0
"847",0.953799531266465,0.0210705614242684,-0.457504407194761,102.547007297635,0.641941437273833,0
"848",0.938887237619252,0.020983430129081,-0.358892492090377,101.758125550722,0.442260126696064,0
"849",0.939028974999731,0.0184178270312771,-0.319398148143315,106.456084793145,0.454645903275614,0
"850",0.946475946225741,0.019186195703667,-0.43795750017247,106.690558233578,0.560684649380822,0
"851",0.960154091328433,0.0203459389872201,-0.526730935579182,105.495617549147,0.724356268546369,0
"852",0.920155589135378,0.0186213864957749,-0.242841716718143,104.998637190403,0.0832751657729627,0
"853",0.944003941014452,0.0175618509407374,-0.331489211509316,108.342490453355,0.543549402160752,0
"854",0.95273215037929,0.0219948680928489,-0.468046457541448,101.439810727074,0.623336051064057,0
"855",0.950814061048277,0.0206991913778443,-0.421875068478203,103.177131899013,0.61085916430509,0
"856",0.960331366092999,0.019283282282953,-0.554193353824652,108.914236334626,0.733054517415919,0
"857",0.946818748413431,0.0183271687138619,-0.365579833570338,107.919641185551,0.575419122034728,0
"858",0.93365392276058,0.0178889755234154,-0.302316282795337,107.896875994474,0.350612061576879,0
"859",0.929324973623225,0.0209804238136016,-0.314396471152711,100.840306981509,0.274884144228059,0
"860",0.942610579080829,0.0191065094706353,-0.456748879831789,106.846397415833,0.5076083370932,0
"861",0.946074897317113,0.0196138362254871,-0.421925914057302,105.510753461318,0.552998080620901,0
"862",0.958591090867036,0.0214532434158055,-0.522124648781166,103.687452513545,0.698868527481699,0
"863",0.887355155309605,0.0227299718551092,-0.386433757737032,98.2391993502246,0.605690732887615,0
"864",0.956760166710741,0.0199467904731282,-0.470666206232687,105.38884196291,0.686438960270438,0
"865",0.955802028823184,0.0194234043220076,-0.544223199219707,108.038033689124,0.674506205118447,0
"866",0.871964438156909,0.0180257240709638,-0.534904862983989,111.107889240515,0.928361451392217,0
"867",0.96235231908857,0.0208800583442713,-0.60263215398261,106.693082726704,0.740704696269221,0
"868",0.919107551909459,0.0212750849763673,-0.358946872634154,100.841578470717,0.095173099772744,0
"869",0.935164004135229,0.0201718788719092,-0.325408064396263,103.938144970948,0.380453835240841,0
"870",0.935935386675558,0.0219452304162746,-0.377563691516203,100.149541390367,0.392334753437054,0
"871",0.911763511128614,0.0166826295345107,-0.189766497361531,110.025239242477,0.194800582586744,0
"872",0.945843757192173,0.0162757357192894,-0.300787045379223,112.284091552416,0.584469629769276,0
"873",0.916215049060364,0.0198230060305557,-0.237520042064777,102.723364417851,0.115357195897073,0
"874",0.967131356544591,0.0186096568804541,-0.605203088948274,111.394325622455,0.803474309149268,0
"875",0.92366148399236,0.0166282720938095,-0.217823073917824,110.183907995101,0.138940538299276,0
"876",0.929485310626579,0.0165126252418082,-0.264915042462834,110.329460099772,0.263465364959991,0
"877",0.949568617508103,0.0155567587858476,-0.315531948956471,113.469391497124,0.639766004585063,0
"878",0.95711811011655,0.0159964653007262,-0.387274286805427,113.319970741839,0.725141759216464,0
"879",0.943682857572092,0.0196042888819172,-0.382930572598514,105.13087479608,0.521969290349866,0
"880",0.938629591849071,0.0198761604463064,-0.355409371614208,103.77442652428,0.441752841090462,0
"881",0.953711390009573,0.0163747877732477,-0.362750625541958,112.168602168475,0.686711125772164,0
"882",0.902606251300808,0.0205383838960563,-0.283361667470669,101.92872429704,0.345478945896284,0
"883",0.906797262127958,0.018440063243341,-0.212916068536107,105.073142469552,0.266868346268695,0
"884",0.95163504214242,0.0169713458812669,-0.353679122429101,110.098765577331,0.654641691603615,0
"885",0.945337394818321,0.0202218898413054,-0.386072987399808,103.57969375113,0.540383360191072,0
"886",0.946570770014664,0.0204043378383895,-0.389161293337026,103.326359196589,0.554725756998464,0
"887",0.919735340254526,0.0148866140215504,-0.237176600741087,114.329679243659,0.0850025855985448,0
"888",0.953428303440474,0.0188548467822631,-0.40852492834203,107.325755159884,0.657521883083306,0
"889",0.932505856338475,0.0206061081376992,-0.337054393693754,102.038746010814,0.332239845038355,0
"890",0.923808307079971,0.0220253401624281,-0.304854745682869,99.0880654410148,0.182775915691263,0
"891",0.910108029391339,0.0184905327217752,-0.373319510681349,106.673356379435,0.222894175753119,0
"892",0.945672177115991,0.0173241206124621,-0.319733145019212,108.971752049784,0.570933449871989,0
"893",0.944081279505541,0.0199340857336468,-0.392547809387887,103.955314637935,0.525132100956662,0
"894",0.947374815088162,0.0173636829756094,-0.332189719361101,108.977920687934,0.593141853511445,0
"895",0.936604371899534,0.018850512261793,-0.314153736005732,105.03847434241,0.408621322739623,0
"896",0.911938753539947,0.0168162914054019,-0.308999384991128,110.260448530493,0.206400632719668,0
"897",0.936589074747046,0.0158815788128535,-0.305591782869679,112.427100463344,0.415313544638897,0
"898",0.953172967187045,0.0182664722734148,-0.406073590807252,107.793165659268,0.65970053613849,0
"899",0.944099349974631,0.0188787255913281,-0.456796724900666,107.57827601683,0.530651958779162,0
"900",0.945687119814434,0.0184547281903029,-0.365177126345396,107.255093752978,0.559286595803181,0
"901",0.953690683509719,0.0160397871046882,-0.40978824578772,113.898838777464,0.686864905418813,0
"902",0.917306550473171,0.0234602169581063,-0.326231588360775,96.7053267022101,0.129407520182049,0
"903",0.964432490472495,0.0203184389469823,-0.572434633191399,107.205664438043,0.766220903098323,0
"904",0.904434285874249,0.018395870015466,-0.378564117157496,107.368095025702,0.329179967182965,0
"905",0.939216133130317,0.0209875899337875,-0.380867113764589,101.789643191084,0.447313134794129,0
"906",0.913833796648288,0.0186681273280863,-0.220838438645593,104.703214237872,0.141725835739915,0
"907",0.941289470426751,0.0184194250842851,-0.34788702701008,106.375072665066,0.493403979131945,0
"908",0.949686382867354,0.0196501571176847,-0.414089756459508,105.108152583196,0.6034149980135,0
"909",0.93153241512625,0.0213055888074266,-0.316402728723281,100.231081075296,0.316192583032316,0
"910",0.938630259130973,0.0175591425982693,-0.297562399976193,107.711538435808,0.451190274700531,0
"911",0.951022348685983,0.0191185606833218,-0.404048710014638,106.082896311749,0.625630343632697,0
"912",0.941817646237786,0.0180610178413158,-0.316280307396849,107.308335097828,0.505139430952712,0
"913",0.947315566044553,0.0163576098786233,-0.316925942884646,111.779871101708,0.603231447190795,0
"914",0.937622152982992,0.0204049535717898,-0.333818798111574,102.291178868246,0.423206345290113,0
"915",0.954820062538247,0.0192728852463343,-0.426961300474996,105.906773930542,0.668614052422723,0
"916",0.93710852748908,0.0169597365555509,-0.28215937591923,109.40232512964,0.423331417393256,0
"917",0.919152908697322,0.0213495285825729,-0.285114662684831,99.7646000065996,0.0970858816141134,0
"918",0.934746942803823,0.0215733393689564,-0.374999054044251,100.666513488117,0.372718325548673,0
"919",0.960810666945,0.0209980187542523,-0.54600461620658,104.728632266995,0.726321183251712,0
"920",0.909699755295867,0.0190224091717682,-0.221925167214692,104.089802526092,0.214213668069554,0
"921",0.937069693351241,0.0190376006653175,-0.390867128969874,106.443941443007,0.416641239998685,0
"922",0.964030277902603,0.0198615717796703,-0.582107183170305,108.107860832057,0.765480360453506,0
"923",0.957983984155609,0.0212397058764435,-0.505839274546505,103.194393387443,0.693296480250441,0
"924",0.961093965922535,0.0184604127999364,-0.502451927746639,109.471954978433,0.750813292217226,0
"925",0.950396481749151,0.0232097332948961,-0.467905503794296,99.381486120403,0.589171381475202,0
"926",0.934437400769275,0.0172891438552272,-0.269065006235896,108.658054653854,0.366751666939396,0
"927",0.956303578086278,0.02064324741294,-0.473408669882831,104.009190840946,0.675913506251845,0
"928",0.942279933641186,0.0202947909828823,-0.356045466258585,103.405807094941,0.497872906530392,0
"929",0.938388740284277,0.0219001770394871,-0.508566101104219,102.186164059479,0.43092324033149,0
"930",0.93545900014121,0.0168087669884928,-0.294733757476678,110.571593374084,0.388867734418969,0
"931",0.939245738611677,0.0222099806201357,-0.383661073783741,99.3413493213483,0.443712352716782,0
"932",0.944448102479815,0.0190541136976255,-0.480183863438081,107.723477220483,0.533501403543759,0
"933",0.955839386655722,0.0195069329903654,-0.444807385208313,105.572036612659,0.676899817266204,0
"934",0.904272070223553,0.0224114882714124,-0.244352478282324,97.4895036047146,0.313413421112315,0
"935",0.946561613101072,0.0176829132602991,-0.336699980164356,108.25023695307,0.579177108221757,0
"936",0.933625454280117,0.0158748957822029,-0.285088872519997,112.925681215757,0.355673961236465,0
"937",0.943002519325335,0.0190683153672556,-0.411447104945534,107.45349261531,0.514796522585733,0
"938",0.915611855438855,0.0153066066485538,-0.229768218097555,113.291247527111,0.144836727016732,0
"939",0.925403504218373,0.0174547631662838,-0.249356926191247,107.511701778901,0.175921302138196,0
"940",0.945861963251625,0.0162853082771538,-0.301167465409242,111.498437960988,0.584618893016767,0
"941",0.926973721824284,0.0187141917439851,-0.543154873051661,109.969428364346,0.212995333532177,0
"942",0.943438286112887,0.0208030274971068,-0.3723987842878,102.392251338783,0.511257462600377,0
"943",0.857164719444402,0.0167765322336499,-0.401203037514719,111.531513818964,0.975129216479296,0
"944",0.941117591785168,0.0184451250627489,-0.341959244926915,106.505459979676,0.490499184409025,0
"945",0.93404817437946,0.0177915879031874,-0.284856043508698,107.961780043004,0.358756747651538,0
"946",0.95691127090292,0.0188115404007012,-0.452628472946254,107.448025216532,0.69668162720623,0
"947",0.942591010753269,0.0199887167435368,-0.348180956924376,102.367043519732,0.50445240961856,0
"948",0.951125112133865,0.0191805109396939,-0.425689877719235,106.189771069249,0.625626413505397,0
"949",0.947595755708963,0.0208870972922321,-0.398576445665094,104.202850374455,0.566880255896545,0
"950",0.947147024652819,0.0197673488572806,-0.403959023004259,104.567416269965,0.566307776290516,0
"951",0.918716921604141,0.017800597906134,-0.235430568062201,107.216866647375,0.0637172736093177,0
"952",0.93874838880158,0.0155616759616098,-0.263098026059182,112.731290458685,0.463890010488813,0
"953",0.946671307495503,0.0189277431791492,-0.389743477656977,106.305006936821,0.567341789348087,0
"954",0.950471493481129,0.0222742153068395,-0.596065508462166,103.433218129024,0.591717897468755,0
"955",0.949865705419653,0.0202852255603819,-0.406100196303607,104.255100678226,0.60179831327091,0
"956",0.944225624921562,0.0170697919888968,-0.315331952267296,109.81204338402,0.551789639938932,0
"957",0.97099162666535,0.0146798959063574,-0.50605719793334,119.65147035763,0.875305916351974,0
"958",0.945256421259871,0.0206897793779273,-0.380853531369242,102.467919779192,0.53629628425278,0
"959",0.919399109305478,0.0195519329144535,-0.27185103454727,103.703007462671,0.0794202189372557,0
"960",0.933099961947452,0.0183483243417211,-0.315446795283417,106.404210773974,0.339779889074727,0
"961",0.926136865697482,0.0208557240530299,-0.297453732699311,100.933269848583,0.215482793695005,0
"962",0.958664911158191,0.0167703033166164,-0.608321411121395,115.971603893296,0.730790957387062,0
"963",0.932359277883121,0.0168634249069205,-0.367208151233991,110.799730972329,0.325006730313529,0
"964",0.940540670401691,0.0215772845307005,-0.367533281067689,100.090422300564,0.465528102615051,0
"965",0.933347836125475,0.0164461874456692,-0.352973492667909,111.733489251902,0.346809671239918,0
"966",0.963197296935583,0.0154960760191789,-0.435211983859385,115.234897160449,0.805954378378919,0
"967",0.912346284631148,0.0178268686477992,-0.371013753555546,109.168116948493,0.189301456206089,0
"968",0.94983713938449,0.0205857308546477,-0.418329476427581,102.989818079618,0.59907233837716,0
"969",0.943848852044845,0.018294049112442,-0.518858637085655,110.058050214132,0.529360148951228,0
"970",0.93468667963705,0.0188333413983785,-0.302594063258545,105.28508754306,0.371907762215568,0
"971",0.954504351557179,0.0208614214497329,-0.496584260038614,103.98966066235,0.649164738798224,0
"972",0.947757510960917,0.015286824264108,-0.292612969704097,111.531392498668,0.622158480325031,0
"973",0.940741484770748,0.019462360344117,-0.345316474061811,104.640072965228,0.478650161751415,0
"974",0.943389431896299,0.0213659871993378,-0.399335701989044,101.123498570089,0.506687920309383,0
"975",0.876265539080102,0.0178581040516817,-0.346623169497799,108.54519225646,0.841174101961088,0
"976",0.956419499532557,0.0168055016222114,-0.38640697582991,111.123727368597,0.710326446563689,0
"977",0.919863606755368,0.0226938717517684,-0.323421356146428,97.7764098840004,0.120819365675102,0
"978",0.926026089091216,0.0142125152277073,-0.253355502377529,116.338467563474,0.202061595910859,0
"979",0.946674577485239,0.0203882710787904,-0.414003182909995,103.662346905122,0.555702811905938,0
"980",0.942889516302254,0.0198515524851843,-0.36156623241946,103.68667536075,0.509399664531486,0
"981",0.929806232487526,0.0177465311690784,-0.421844605441372,109.426122800104,0.270951769488407,0
"982",0.945098586740341,0.0197670147664661,-0.37869167355946,103.948319834163,0.540680134706174,0
"983",0.931568751861637,0.0206631884733646,-0.400405835735027,102.542500147221,0.314802134509085,0
"984",0.927556146577134,0.0247563585246682,-0.365345988642882,94.3038102655084,0.261220587919764,0
"985",0.956727971175543,0.0203853875017212,-0.472083270713306,104.337543462821,0.683232666238389,0
"986",0.94307984843759,0.0204994290782895,-0.444286228251506,103.557004311855,0.506303388446983,0
"987",0.961994593214696,0.018733846077554,-0.556429402968768,109.863171766589,0.755646860420285,0
"988",0.940806649883644,0.0216841451061408,-0.430837607753179,101.396892943268,0.468233737583255,0
"989",0.948249353991963,0.0171204607503216,-0.358063152202256,110.348220610527,0.604967092052673,0
"990",0.962086179349236,0.0176242627111448,-0.498790761173535,111.094546156198,0.769342171641762,0
"991",0.95685607305846,0.0190796501949815,-0.470098993843443,107.643051502356,0.693503582567576,0
"992",0.942957595276844,0.0169963333952237,-0.435129859562659,111.292772793913,0.528257946046833,0
"993",0.946936291256598,0.0209546482632848,-0.412236394014113,102.506151999795,0.556762435839647,0
"994",0.965796727339251,0.0159809977461962,-0.51350626572973,115.693570836842,0.820423922709486,0
"995",0.970647632659627,0.0172281926378225,-0.608636273416315,114.928805769662,0.843110799413658,0
"996",0.946701730669718,0.0200596012189566,-0.377117289458841,103.713690133166,0.559411421331682,0
"997",0.948849105217342,0.0195328424985226,-0.398278535963109,105.223581785727,0.592952166444846,0
"998",0.938084655619253,0.0198612602754675,-0.335759491114333,103.179697838341,0.432614868062438,0
"999",0.953438479684167,0.0207506709571743,-0.450542554847529,103.635306260762,0.640610617119726,0
"1000",0.915790061857178,0.0161242559874409,-0.198592148469684,110.883107612603,0.125097731074189,0
